DATE DE MISE A JOUR DES TARIFS : 27/09/2019;
Code article;Marque;Famille;Sous-famille;PVGC T.T.C.;Coeff.;Commentaires;P;Gamme;Prix facture fournisseur;R HF D;R HF C;R P PR;Prix net fournisseur;Prix net grossiste;Code barre;
HM676G0W1F;SIEMENS;CUISSON;Four combi micro ondes;1499;2.23;;P;;738.38;9;0;0;671.93;729.98;4242003672013;
HB672GBW1S;SIEMENS;CUISSON;Four encastrable pyrolyse;969;2.13;;P;;500;9;0;0;455;494.31;4242003814673;
HB672GBW1F;SIEMENS;CUISSON;Four encastrable pyrolyse;929;2.35;;P;;435.09;9;0;0;395.93;430.15;4242003672549;
HB675G5W1F;SIEMENS;CUISSON;Four encastrable pyrolyse;1159;2.25;;P;R;567.01;9;0;0;515.98;560.56;4242003671740;
HB675GBW1F;SIEMENS;CUISSON;Four encastrable pyrolyse;999;1.81;CTM;P;;605.66;9;0;0;551.15;605.57;4242003672624;
LC97FVW60;SIEMENS;CUISSON;Hotte;1579;1.81;CTM;P;;956.95;9;0;0;870.82;956.8;4242003761274;
LC91KWW60;SIEMENS;CUISSON;Hotte;1509;1.81;CTM;P;;914.55;9;0;0;832.24;914.41;4242003761106;
CT636LEW1;SIEMENS;CUISSON;Machine à café encastrable;2559;1.87;CTM;P;;1505.88;9;0;0;1370.35;1534.79;4242003677872;
BF634LGW1;SIEMENS;CUISSON;Micro ondes intégrable;779;2.25;;P;R;380.64;9;0;0;346.38;376.31;4242003676424;
BF555LMW0;SIEMENS;CUISSON;Micro ondes intégrable;499;2.28;;P;;240.3;9;0;0;218.67;237.56;4242003805688;
EX975KXW1E;SIEMENS;CUISSON;Plaque induction;2009;1.81;CTM;P;;1217.38;9;0;0;1107.82;1217.2;4242003765685;
GS58NAW35;SIEMENS;FROID;Congélateur armoire;1099;2.23;;P;D;542.36;9;0;0;493.55;536.19;4242003833094;
GS58NAW45;SIEMENS;FROID;Congélateur armoire;1229;2.16;;P;;623.85;9;0;0;567.7;616.75;4242003833087;
KD33VVW30;SIEMENS;FROID;Réfrigérateur 2ptes;669;2.15;;P;R;341.74;9;0;0;310.98;337.86;4242003540978;
KG39NVW35;SIEMENS;FROID;Réfrigérateur combiné;869;2.19;;P;R;436.56;9;0;0;397.27;431.59;4242003724910;
KG56NXW30;SIEMENS;FROID;Réfrigérateur combiné;1049;2.18;$0;P;L;529.2;9;0;0;481.57;523.19;4242003736753;
WD14H464FF;SIEMENS;LAVAGE;Lavante séchante hublot;1199;2.21;$1;P;R;595.36;9;0;0;541.78;588.58;4242003828779;
WD15G462FF;SIEMENS;LAVAGE;Lavante séchante hublot;969;2.18;;P;L;487.63;9;0;0;443.74;482.08;4242003819050;
WK14D541FF;SIEMENS;LAVAGE;Lavante séchante intégrable;1399;1.94;$0;P;;792.99;9;0;0;721.62;783.97;4242003722527;
WM14B211FF;SIEMENS;LAVAGE;Lave linge hublot pose libre;499;2.32;;P;R;236.06;9;0;0;214.81;233.37;4242003675489;
WM14N2X0FF;SIEMENS;LAVAGE;Lave linge hublot pose libre;799;1.86;$0;P;;472.07;9;0;0;429.58;466.7;4242003770764;
WM14E270FF;SIEMENS;LAVAGE;Lave linge hublot pose libre;499;1.51;$0;P;;363.4;9;0;0;330.69;363.34;4242003645642;
WM14W690FF;SIEMENS;LAVAGE;Lave linge hublot pose libre;999;2.18;;P;L;504;9;0;0;458.64;498.27;4242003681800;
WM14T458FF;SIEMENS;LAVAGE;Lave linge hublot pose libre;729;2.29;;P;L;349.28;9;0;0;317.84;345.31;4242003797563;
WM14T409FF;SIEMENS;LAVAGE;Lave linge hublot pose libre;829;2.4;;P;L;379.1;9;0;0;344.98;374.79;4242003805619;
WM14E277FF;SIEMENS;LAVAGE;Lave linge hublot pose libre;519;2.26;;P;L;251.99;9;0;0;229.31;249.12;4242003763780;
WM12B211FF;SIEMENS;LAVAGE;Lave linge hublot pose libre;479;2.3;;P;L;228.99;9;0;0;208.38;226.39;4242003678749;
WM12N260FF;SIEMENS;LAVAGE;Lave linge hublot pose libre;599;2.31;;P;O;284.96;9;0;0;259.31;281.71;4242003732069;
WS12L260FF;SIEMENS;LAVAGE;Lave linge hublot pose libre;729;2.14;$0;P;R;374.23;9;0;0;340.55;369.97;4242003827918;
WMH6Y892FF;SIEMENS;LAVAGE;Lave linge hublot pose libre;1399;2.17;;P;;708.08;9;0;0;644.35;700.02;4242003732151;
WM14N060FF;SIEMENS;LAVAGE;Lave linge hublot pose libre;579;2.35;;P;R;271.17;9;0;0;246.76;268.08;4242003732083;
WM14U940EU;SIEMENS;LAVAGE;Lave linge hublot pose libre;1599;1.67;CTM;P;;1053.33;9;0;0;958.53;1053.17;4242003787557;
WI14W540FF;SIEMENS;LAVAGE;Lave linge intégrable;1099;1.99;;P;R;607.26;9;0;0;552.61;600.35;4242003770054;
WI12A201FF;SIEMENS;LAVAGE;Lave linge intégrable;899;1.81;CTM;P;;545.09;9;0;0;496.03;545;4242003722640;
SR236W01ME;SIEMENS;LAVAGE;Lave vaisselle 45cm pose libre;659;2.2;;P;R;328.87;9;0;0;299.27;325.12;4242003818589;
SN558W09ME;SIEMENS;LAVAGE;Lave vaisselle 60cm intégrable;869;2.18;;P;R;438.14;9;0;0;398.71;433.16;4242003827130;
SN536W03ME;SIEMENS;LAVAGE;Lave vaisselle 60cm intégrable;809;2.26;;P;R;393.04;9;0;0;357.67;388.57;4242003767757;
SN236W03NE;SIEMENS;LAVAGE;Lave vaisselle 60cm pose libre;749;2.23;;P;L;369.77;9;0;0;336.49;365.57;4242003855195;
SN215W02AE;SIEMENS;LAVAGE;Lave vaisselle 60cm pose libre;509;2.25;;P;L;248.9;9;0;0;226.5;246.06;4242003787625;
SN236W01GE;SIEMENS;LAVAGE;Lave vaisselle 60cm pose libre;629;2.24;;P;R;308.36;9;0;0;280.61;304.85;4242003793558;
SN258W00TE;SIEMENS;LAVAGE;Lave vaisselle 60cm pose libre;919;2.09;;P;;482.36;9;0;0;438.95;476.87;4242003800867;
SN236W03ME;SIEMENS;LAVAGE;Lave vaisselle 60cm pose libre;749;2.38;;P;;345.12;9;0;0;314.06;341.2;4242003762554;
SN236W02GE;SIEMENS;LAVAGE;Lave vaisselle 60cm pose libre;599;2.07;;P;;317.78;9;0;0;289.18;314.17;4242003782798;
SN236W03GE;SIEMENS;LAVAGE;Lave vaisselle 60cm pose libre;619;2.34;;P;O;290.34;9;0;0;264.21;287.03;4242003793930;
WT43N207FF;SIEMENS;LAVAGE;Sèche linge hublot condensatio;569;2.19;;P;L;285.52;9;0;0;259.82;282.26;4242003860953;
WT46G401FF;SIEMENS;LAVAGE;Sèche linge hublot condensatio;629;2.3;;P;;300.36;9;0;0;273.33;296.95;4242003771754;
WT43N200FF;SIEMENS;LAVAGE;Sèche linge hublot condensatio;569;2.19;$0;P;;285.52;9;0;0;259.82;282.26;4242003763902;
WT45G408FF;SIEMENS;LAVAGE;Sèche linge hublot condensatio;629;2.18;;P;O;317.77;9;0;0;289.17;314.16;4242003861172;
WT33A200FF;SIEMENS;LAVAGE;Sèche linge hublot évacuation;529;2.22;;P;R;261.31;9;0;0;237.79;258.34;4242003754498;
WT45RV01FF;SIEMENS;LAVAGE;Sèche linge pompe à chaleur;829;2.26;$0;P;L;402.58;9;0;0;366.35;397.99;4242003838747;
WT45W461FF;SIEMENS;LAVAGE;Sèche linge pompe à chaleur;929;2.18;;P;;468.56;9;0;0;426.39;463.22;4242003846797;
WT47W591FF;SIEMENS;LAVAGE;Sèche linge pompe à chaleur;1099;2.05;$0;P;R;589.55;9;0;0;536.49;582.85;4242003831120;
WT45RVX0FF;SIEMENS;LAVAGE;Sèche linge pompe à chaleur;899;2.07;;P;;476.29;9;0;0;433.42;470.87;4242003838334;
WT47W491FF;SIEMENS;LAVAGE;Sèche linge pompe à chaleur;999;2.18;$0;P;L;503.61;9;0;0;458.29;497.87;4242003832851;
LZ27001;SIEMENS;CUISSON;Accessoires cuisson;39;1.63;CTM;P;;26.33;9;0;0;23.96;26.33;4242003680889;
ET375FAB1E;SIEMENS;CUISSON;Accessoires cuisson;999;1.87;CTM;P;;588.23;9;0;0;535.29;599.52;4242003689073;
BI630ENS1;SIEMENS;CUISSON;Accessoires cuisson;299;2.08;;P;;158.02;9;0;0;143.8;156.22;4242003676646;
BI630CNS1;SIEMENS;CUISSON;Accessoires cuisson;579;2.16;;P;;294.96;9;0;0;268.41;291.6;4242003676561;
HZ390522;SIEMENS;CUISSON;Autres;199;1.66;CTM;P;;131.66;9;0;0;119.81;131.64;4242003616024;
HZ390512;SIEMENS;CUISSON;Autres;299;1.66;CTM;P;;197.49;9;0;0;179.72;197.46;4242003617755;
ET475FYB1E;SIEMENS;CUISSON;Autres;1509;2.1;;P;;790.08;9;0;0;718.97;781.09;4242003689127;
CM676GBS1;SIEMENS;CUISSON;Four combi micro ondes;1559;1.81;CTM;P;;944.83;9;0;0;859.8;944.69;4242003658376;
CM656GBS1;SIEMENS;CUISSON;Four combi micro ondes;1259;2.05;;P;;674.7;9;0;0;613.98;667.03;4242003658369;
HN678G4S6;SIEMENS;CUISSON;Four combi micro ondes;2399;2.02;;P;R;1304.36;9;0;0;1186.97;1289.52;4242003672174;
CM633GBS1;SIEMENS;CUISSON;Four combi micro ondes;1089;2.14;$1 INDISPO GDD le 1;P;R;559.79;9;0;0;509.41;553.43;4242003658345;
CM585AMS0;SIEMENS;CUISSON;Four combi micro ondes;699;2.15;;P;R;356.72;9;0;0;324.62;352.67;4242003805336;
HM676G0W1F;SIEMENS;CUISSON;Four combi micro ondes;1499;2.23;;P;;738.38;9;0;0;671.93;729.98;4242003672013;
HM676G0S6;SIEMENS;CUISSON;Four combi micro ondes;1599;2.23;;P;;787.62;9;0;0;716.73;778.66;4242003739952;
HM676G0S1F;SIEMENS;CUISSON;Four combi micro ondes;1549;2.31;;P;;738.38;9;0;0;671.93;729.98;4242003671993;
HB553AER0;SIEMENS;CUISSON;Four encastrable manuel;529;2.35;$0;P;L;247.42;9;0;0;225.15;244.61;4242003799277;
HB557ABS0;SIEMENS;CUISSON;Four encastrable manuel;599;2.19;;P;R;299.96;9;0;0;272.96;296.54;4242003799338;
HB557A5S0;SIEMENS;CUISSON;Four encastrable manuel;699;2.21;;P;R;347.82;9;0;0;316.52;343.86;4242003799314;
HB573ABR0;SIEMENS;CUISSON;Four encastrable pyrolyse;729;2.42;;P;L;331.5;9;0;0;301.66;327.73;4242003799352;
HB675GBS1F;SIEMENS;CUISSON;Four encastrable pyrolyse;999;2.34;;P;;468.64;9;0;0;426.46;463.31;4242003672617;
HB578BBS0;SIEMENS;CUISSON;Four encastrable pyrolyse;1099;2.15;;P;R;560.57;9;0;0;510.12;554.19;4242003799451;
HB675GBS1;SIEMENS;CUISSON;Four encastrable pyrolyse;999;2.13;;P;;515.46;9;0;0;469.07;509.6;4242003672419;
HB573ABV0;SIEMENS;CUISSON;Four encastrable pyrolyse;729;2.42;;P;R;331.5;9;0;0;301.66;327.73;4242003799369;
HB673GBS1F;SIEMENS;CUISSON;Four encastrable pyrolyse;949;2.19;;P;;477.23;9;0;0;434.28;471.8;4242003672570;
CB675GBS3;SIEMENS;CUISSON;Four encastrable pyrolyse;959;2.15;;P;R;489.2;9;0;0;445.17;483.63;4242003836514;
HB672GBW1S;SIEMENS;CUISSON;Four encastrable pyrolyse;969;2.13;;P;;500;9;0;0;455;494.31;4242003814673;
HB672GBW1F;SIEMENS;CUISSON;Four encastrable pyrolyse;929;2.35;;P;;435.09;9;0;0;395.93;430.15;4242003672549;
HB672GBS2;SIEMENS;CUISSON;Four encastrable pyrolyse;969;2.13;;P;;500;9;0;0;455;494.31;4242003861431;
HB672GBS1F;SIEMENS;CUISSON;Four encastrable pyrolyse;929;2.35;;P;;435.09;9;0;0;395.93;430.15;4242003672532;
HB578A0S0;SIEMENS;CUISSON;Four encastrable pyrolyse;799;2.1;$0;P;;417.4;9;0;0;379.83;412.65;4242003799413;
HR675GBS1;SIEMENS;CUISSON;Four encastrable pyrolyse;1659;1.81;CTM;P;;1005.4;9;0;0;914.91;1005.24;4242003786369;
HB676G0S1F;SIEMENS;CUISSON;Four encastrable pyrolyse;1159;2.08;$0;P;;611.13;9;0;0;556.13;604.18;4242003671764;
HB675G5S1F;SIEMENS;CUISSON;Four encastrable pyrolyse;1159;2.25;;P;L;567.01;9;0;0;515.98;560.56;4242003671733;
HB675GBW1F;SIEMENS;CUISSON;Four encastrable pyrolyse;999;1.81;CTM;P;;605.66;9;0;0;551.15;605.57;4242003672624;
HB675G5W1F;SIEMENS;CUISSON;Four encastrable pyrolyse;1159;2.25;;P;R;567.01;9;0;0;515.98;560.56;4242003671740;
CD634GAS0;SIEMENS;CUISSON;Four vapeur;1229;2.22;;P;;608.7;9;0;0;553.92;601.76;4242003833254;
CS658GRS2;SIEMENS;CUISSON;Four vapeur;1639;2.13;;P;R;845.36;9;0;0;769.28;835.74;4242003839300;
CS656GBS2;SIEMENS;CUISSON;Four vapeur;1539;2.13;;P;R;793.81;9;0;0;722.37;784.78;4242003839263;
LC67BF532;SIEMENS;CUISSON;Hotte;579;2.21;;P;;288.03;9;0;0;262.11;284.75;4242003675724;
LF959RB51;SIEMENS;CUISSON;Hotte;1399;1.87;CTM;P;;823.52;9;0;0;749.4;839.33;4242003688014;
LI64MA530;SIEMENS;CUISSON;Hotte;399;2.08;;P;R;210.69;9;0;0;191.73;208.3;4242003717844;
LC97BHM50;SIEMENS;CUISSON;Hotte;599;2.06;;P;;320;9;0;0;291.2;316.36;4242003805978;
LC67BB532;SIEMENS;CUISSON;Hotte;579;2.31;;P;;275.13;9;0;0;250.37;272;4242003650295;
LF959RB21;SIEMENS;CUISSON;Hotte;1399;1.87;CTM;P;;823.52;9;0;0;749.4;839.33;4242003795064;
LD97DBM60;SIEMENS;CUISSON;Hotte;1999;2.17;;P;R;1010.31;9;0;0;919.38;998.82;4242003823378;
LC97BF532;SIEMENS;CUISSON;Hotte;659;1.87;CTM;P;;388.23;9;0;0;353.29;395.68;4242003675755;
LC64PBC50;SIEMENS;CUISSON;Hotte;239;2.08;$0;P;;126.4;9;0;0;115.02;124.97;4242003801277;
LC98KLV60;SIEMENS;CUISSON;Hotte;1209;2.17;;P;R;611.52;9;0;0;556.48;604.56;4242003761328;
LF959RA51;SIEMENS;CUISSON;Hotte;1599;1.87;CTM;P;;941.17;9;0;0;856.46;959.24;4242003688342;
LC97BC532;SIEMENS;CUISSON;Hotte;629;2.35;;P;;294.71;9;0;0;268.19;291.36;4242003650530;
LB88574;SIEMENS;CUISSON;Hotte;579;2.13;;P;;298.35;9;0;0;271.5;294.95;4242003681534;
LC97BHP50;SIEMENS;CUISSON;Hotte;659;2.18;;P;R;331.96;9;0;0;302.08;328.18;4242003832028;
LF91BA582;SIEMENS;CUISSON;Hotte;1599;1.87;CTM;P;;941.17;9;0;0;856.46;959.24;4242003675779;
LC96QFM50;SIEMENS;CUISSON;Hotte;499;1.81;CTM;P;;302.83;9;0;0;275.58;302.78;4242003802076;
LB75564;SIEMENS;CUISSON;Hotte;399;2.23;;P;;196.52;9;0;0;178.83;194.29;4242003271865;
LC87KHM60;SIEMENS;CUISSON;Hotte;829;2.23;;P;R;407.68;9;0;0;370.99;403.04;4242003760994;
LF16VA570;SIEMENS;CUISSON;Hotte;1999;1.81;CTM;P;;1211.33;9;0;0;1102.31;1211.15;4242003761595;
LC96BFM50;SIEMENS;CUISSON;Hotte;499;1.81;CTM;P;;302.83;9;0;0;275.58;302.78;4242003805947;
LU63LCC50;SIEMENS;CUISSON;Hotte;219;1.81;CTM;P;;133.24;9;0;0;121.25;133.22;4242003776438;
LB57574;SIEMENS;CUISSON;Hotte;499;1.81;CTM;P;;302.83;9;0;0;275.58;302.78;4242003681497;
LC87KHM20;SIEMENS;CUISSON;Hotte;829;2.23;;P;R;407.68;9;0;0;370.99;403.04;4242003760987;
LF16RH560;SIEMENS;CUISSON;Hotte;2299;1.81;CTM;P;;1393.03;9;0;0;1267.66;1392.82;4242003738344;
LC96BBC50;SIEMENS;CUISSON;Hotte;399;1.81;CTM;P;;242.26;9;0;0;220.46;242.22;4242003797013;
LI97SA530;SIEMENS;CUISSON;Hotte;659;2.08;;P;;347.63;9;0;0;316.34;343.67;4242003723357;
LB53NAA30;SIEMENS;CUISSON;Hotte;199;2.08;;P;;105.33;9;0;0;95.85;104.13;4242003831700;
LC67BHP50;SIEMENS;CUISSON;Hotte;599;2.18;;P;R;302.06;9;0;0;274.87;298.63;4242003831731;
LC98KLP60;SIEMENS;CUISSON;Hotte;1009;1.81;CTM;P;;611.72;9;0;0;556.67;611.63;4242003761311;
LC94PBC50;SIEMENS;CUISSON;Hotte;279;1.81;CTM;P;;169.58;9;0;0;154.32;169.56;4242003801307;
LI67SA680;SIEMENS;CUISSON;Hotte;899;1.87;CTM;P;;529.41;9;0;0;481.76;539.57;4242003723500;
LB75565;SIEMENS;CUISSON;Hotte;409;2.29;;P;R;196.52;9;0;0;178.83;194.29;4242003838402;
LC98BA572;SIEMENS;CUISSON;Hotte;899;1.87;CTM;P;;529.41;9;0;0;481.76;539.57;4242003675748;
LC91KWW60;SIEMENS;CUISSON;Hotte;1509;1.81;CTM;P;;914.55;9;0;0;832.24;914.41;4242003761106;
LI67RC540;SIEMENS;CUISSON;Hotte;699;2.1;;P;;365.23;9;0;0;332.36;361.08;4242003723432;
LC97FVW60;SIEMENS;CUISSON;Hotte;1579;1.81;CTM;P;;956.95;9;0;0;870.82;956.8;4242003761274;
LB55565;SIEMENS;CUISSON;Hotte;309;2.27;;P;L;149.48;9;0;0;136.03;147.78;4242003838389;
LC91BE542;SIEMENS;CUISSON;Hotte;799;2.1;;P;;417.4;9;0;0;379.83;412.65;4242003652039;
LI64MC520;SIEMENS;CUISSON;Hotte;299;1.81;CTM;P;;181.7;9;0;0;165.35;181.68;4242003717868;
LC97FQP60;SIEMENS;CUISSON;Hotte;1109;1.81;CTM;P;;672.28;9;0;0;611.77;672.18;4242003761175;
LC91BA582;SIEMENS;CUISSON;Hotte;1009;1.87;CTM;P;;594.11;9;0;0;540.64;605.52;4242003675731;
LF98GA542;SIEMENS;CUISSON;Hotte;1059;1.87;CTM;P;;623.52;9;0;0;567.4;635.49;4242003650523;
LC97FLV60;SIEMENS;CUISSON;Hotte;1309;1.81;CTM;P;;793.42;9;0;0;722.01;793.31;4242003761168;
CT636LEW1;SIEMENS;CUISSON;Machine à café encastrable;2559;1.87;CTM;P;;1505.88;9;0;0;1370.35;1534.79;4242003677872;
CT636LES6;SIEMENS;CUISSON;Machine à café encastrable;2669;2.11;;P;;1389.63;9;0;0;1264.56;1373.83;4242003703595;
BF555LMW0;SIEMENS;CUISSON;Micro ondes intégrable;499;2.28;;P;;240.3;9;0;0;218.67;237.56;4242003805688;
CP565AGS0;SIEMENS;CUISSON;Micro ondes intégrable;1399;2.15;;P;R;713.45;9;0;0;649.24;705.33;4242003803912;
BF634LGW1;SIEMENS;CUISSON;Micro ondes intégrable;779;2.25;;P;R;380.64;9;0;0;346.38;376.31;4242003676424;
BF634LGS1;SIEMENS;CUISSON;Micro ondes intégrable;779;2.25;;P;R;380.64;9;0;0;346.38;376.31;4242003676400;
BF555LMS0;SIEMENS;CUISSON;Micro ondes intégrable;499;2.28;;P;R;240.3;9;0;0;218.67;237.56;4242003805718;
BF550LMR0;SIEMENS;CUISSON;Micro ondes intégrable;459;2.3;;P;R;219.6;9;0;0;199.84;217.1;4242003805732;
BE555LMS0;SIEMENS;CUISSON;Micro-ondes gril intégrable;559;2.15;;P;;285.38;9;0;0;259.7;282.14;4242003805695;
BE634LGS1;SIEMENS;CUISSON;Micro-ondes gril intégrable;799;2.12;;P;R;413.2;9;0;0;376.01;408.5;4242003676363;
BE550LMR0;SIEMENS;CUISSON;Micro-ondes gril intégrable;499;2.15;;P;R;254.8;9;0;0;231.87;251.9;4242003805749;
EB6B5PB60;SIEMENS;CUISSON;Plaque gaz;269;1.81;CTM;P;;163.52;9;0;0;148.8;163.5;4242003687062;
EC9A5RB90;SIEMENS;CUISSON;Plaque gaz;799;2.15;;P;R;407.68;9;0;0;370.99;403.04;4242003742204;
EC7A5SB90;SIEMENS;CUISSON;Plaque gaz;609;2.19;;P;R;305.77;9;0;0;278.25;302.29;4242003742167;
EC7A5RB90;SIEMENS;CUISSON;Plaque gaz;609;2.19;;P;R;305.76;9;0;0;278.24;302.29;4242003676134;
EC6A5HB90;SIEMENS;CUISSON;Plaque gaz;439;2.2;;P;R;219.12;9;0;0;199.4;216.63;4242003741962;
EP9A6QB90;SIEMENS;CUISSON;Plaque gaz;899;2.13;;P;;464.65;9;0;0;422.83;459.37;4242003674673;
EP7A6SB20;SIEMENS;CUISSON;Plaque gaz;799;1.81;CTM;P;;484.53;9;0;0;440.92;484.46;4242003690512;
EP6A6PB20;SIEMENS;CUISSON;Plaque gaz;499;2.5;;P;O;219.35;9;0;0;199.61;216.85;4242003742440;
EP7A6QB20;SIEMENS;CUISSON;Plaque gaz;769;2.05;;P;;411.47;9;0;0;374.44;406.8;4242003742525;
EP6A2PB20;SIEMENS;CUISSON;Plaque gaz;459;1.81;CTM;P;;278.6;9;0;0;253.53;278.56;4242003742358;
EO6B6PB10;SIEMENS;CUISSON;Plaque gaz;329;2.4;;P;L;150.76;9;0;0;137.19;149.04;4242003687888;
EG6B5PB60;SIEMENS;CUISSON;Plaque gaz;309;1.86;CTM;P;;182.35;9;0;0;165.94;185.85;4242003768389;
EC7A5QB80;SIEMENS;CUISSON;Plaque gaz;499;1.86;CTM;P;;294.11;9;0;0;267.64;299.76;4242003742105;
EP6A6CB20;SIEMENS;CUISSON;Plaque gaz;479;2.46;;P;R;214.37;9;0;0;195.08;211.94;4242003742372;
EX975KXW1E;SIEMENS;CUISSON;Plaque induction;2009;1.81;CTM;P;;1217.38;9;0;0;1107.82;1217.2;4242003765685;
EE651BPB1E;SIEMENS;CUISSON;Plaque induction;569;1.81;CTM;P;;345.22;9;0;0;314.15;345.17;4242003787212;
EX652FEB1F;SIEMENS;CUISSON;Plaque induction;819;2.28;;P;R;394;9;0;0;358.54;389.51;4242003757468;
EX875LYV1E;SIEMENS;CUISSON;Plaque induction;1609;1.81;CTM;P;;975.12;9;0;0;887.36;974.98;4242003786338;
ED851FSB1E;SIEMENS;CUISSON;Plaque induction;929;2.23;;P;;458.65;9;0;0;417.37;453.43;4242003691724;
EX651LYC1F;SIEMENS;CUISSON;Plaque induction;1309;2.17;;P;R;662.49;9;0;0;602.87;654.95;4242003757987;
EX875LX34E;SIEMENS;CUISSON;Plaque induction;3499;2.09;$0;P;;1838.6;9;0;0;1673.13;1817.68;4242003763988;
ED659FJB1E;SIEMENS;CUISSON;Plaque induction;729;1.87;CTM;P;;429.41;9;0;0;390.76;437.65;4242003697443;
EX375FXB1E;SIEMENS;CUISSON;Plaque induction;899;2.08;;P;R;474.04;9;0;0;431.38;468.65;4242003697405;
EX751FJC1F;SIEMENS;CUISSON;Plaque induction;809;1.87;CTM;P;;476.46;9;0;0;433.58;485.61;4242003760246;
ED651FSB1E;SIEMENS;CUISSON;Plaque induction;729;2.39;;P;;334.5;9;0;0;304.39;330.7;4242003715925;
EU651BEB1E;SIEMENS;CUISSON;Plaque induction;529;2.26;;P;R;257.18;9;0;0;234.03;254.25;4242003787199;
EX651FEB1F;SIEMENS;CUISSON;Plaque induction;789;2.33;;P;O;371.47;9;0;0;338.04;367.25;4242003757444;
EX675LEV1F;SIEMENS;CUISSON;Plaque induction;1099;1.87;CTM;P;;647.05;9;0;0;588.82;659.48;4242003759158;
EU631BJB1E;SIEMENS;CUISSON;Plaque induction;529;2.54;;P;R;228.97;9;0;0;208.36;226.36;4242003716601;
EH651BJB1E;SIEMENS;CUISSON;Plaque induction;619;2.97;CATA RENTREE;P;O;228.97;9;0;0;208.36;226.36;4242003757383;
EX651LEB1F;SIEMENS;CUISSON;Plaque induction;1009;2.18;;P;;509.61;9;0;0;463.75;503.81;4242003757291;
EX859FVC1E;SIEMENS;CUISSON;Plaque induction;1409;2.15;;P;R;720.16;9;0;0;655.35;711.97;4242003788684;
ED851FSB5E;SIEMENS;CUISSON;Plaque induction;929;2.23;;P;R;458.65;9;0;0;417.37;453.43;4242003828083;
EX651FXC1E;SIEMENS;CUISSON;Plaque induction;1109;1.81;CTM;P;;672.28;9;0;0;611.77;672.18;4242003716793;
EX851LYC1F;SIEMENS;CUISSON;Plaque induction;1499;2.18;;P;R;754.6;9;0;0;686.69;746.01;4242003758014;
EU651BJB1E;SIEMENS;CUISSON;Plaque induction;519;2.49;;P;L;228.97;9;0;0;208.36;226.36;4242003787175;
ED751FPB1F;SIEMENS;CUISSON;Plaque induction;779;2.19;;P;R;391.75;9;0;0;356.49;387.3;4242003757307;
EX275FXB1E;SIEMENS;CUISSON;Plaque induction;1499;2;;P;;821.69;9;0;0;747.74;812.35;4242003701218;
EX851LVC1F;SIEMENS;CUISSON;Plaque induction;1229;2.29;;P;R;589.58;9;0;0;536.52;582.87;4242003787540;
ED651FSB5E;SIEMENS;CUISSON;Plaque induction;729;2.39;;P;R;334.5;9;0;0;304.39;330.7;4242003827987;
EU631BCB1E;SIEMENS;CUISSON;Plaque induction;489;1.86;CTM;P;;288.23;9;0;0;262.29;293.76;4242003716526;
EX851FEC1F;SIEMENS;CUISSON;Plaque induction;1129;2.33;;P;R;531.39;9;0;0;483.56;525.35;4242003757994;
ED651FJB1E;SIEMENS;CUISSON;Plaque induction;719;2.14;;P;R;369.07;9;0;0;335.85;364.87;4242003715918;
EH651BEB1E;SIEMENS;CUISSON;Plaque induction;629;1.81;CTM;P;;381.56;9;0;0;347.22;381.51;4242003748008;
EX679FEC1F;SIEMENS;CUISSON;Plaque induction;909;2.18;;P;R;458.65;9;0;0;417.37;453.43;4242003694305;
EX975LXC1F;SIEMENS;CUISSON;Plaque induction;1709;2.02;$0;P;;931.26;9;0;0;847.45;920.66;4242003717080;
EH375FBB1E;SIEMENS;CUISSON;Plaque induction;859;1.81;CTM;P;;520.87;9;0;0;473.99;520.79;4242003691731;
EX659FEB1F;SIEMENS;CUISSON;Plaque induction;829;2.3;;P;R;396;9;0;0;360.36;391.5;4242003757482;
EO6B6YB10;SIEMENS;CUISSON;Plaque mixte;319;2.33;;P;R;150.76;9;0;0;137.19;149.04;4242003687949;
ET651BF17E;SIEMENS;CUISSON;Plaque vitrocéramique;419;2.26;;P;R;203.84;9;0;0;185.49;201.52;4242003614600;
ET631BK17E;SIEMENS;CUISSON;Plaque vitrocéramique;379;2.33;;P;R;178.59;9;0;0;162.52;176.56;4242003616154;
ET611HE17F;SIEMENS;CUISSON;Plaque vitrocéramique;309;2.32;;P;L;146.39;9;0;0;133.21;144.73;4242003855119;
ET675FMP1E;SIEMENS;CUISSON;Plaque vitrocéramique;619;1.81;CTM;P;;375.51;9;0;0;341.71;375.46;4242003762899;
ET645FFP1E;SIEMENS;CUISSON;Plaque vitrocéramique;519;1.86;CTM;P;;305.88;9;0;0;278.35;311.75;4242003764657;
ET611HE17E;SIEMENS;CUISSON;Plaque vitrocéramique;309;1.32;;P;;258.01;9;0;0;234.79;257.97;4242003640388;
GS58NAW35;SIEMENS;FROID;Congélateur armoire;1099;2.23;;P;D;542.36;9;0;0;493.55;536.19;4242003833094;
GS58NAW45;SIEMENS;FROID;Congélateur armoire;1229;2.16;;P;;623.85;9;0;0;567.7;616.75;4242003833087;
GI81NAC30;SIEMENS;FROID;Congélateur armoire intégrable;1049;2.17;;P;R;530.83;9;0;0;483.06;524.8;4242003731390;
GI41NAC30;SIEMENS;FROID;Congélateur armoire intégrable;929;2.14;;P;R;477.74;9;0;0;434.74;472.3;4242003731222;
GU15DA55;SIEMENS;FROID;Congélateur armoire intégrable;879;2.07;;P;;467.13;9;0;0;425.09;461.82;4242003556214;
GI11VAD30;SIEMENS;FROID;Congélateur armoire intégrable;829;1.81;CTM;P;;502.7;9;0;0;457.46;502.63;4242003746295;
KI41RAD30;SIEMENS;FROID;Réfrigérateur 1pte intégrable;779;2.12;;P;;404.04;9;0;0;367.68;399.45;4242003622254;
KI32LAD30;SIEMENS;FROID;Réfrigérateur 1pte intégrable;779;2.15;;P;;398.12;9;0;0;362.29;393.59;4242003622445;
KI31RAD30;SIEMENS;FROID;Réfrigérateur 1pte intégrable;749;2.07;;P;;398.12;9;0;0;362.29;393.59;4242003622384;
KI22LAD30;SIEMENS;FROID;Réfrigérateur 1pte intégrable;759;1.81;CTM;P;;460.3;9;0;0;418.87;460.23;4242003622773;
KI81RAD30;SIEMENS;FROID;Réfrigérateur 1pte intégrable;1029;2.23;;P;L;507.91;9;0;0;462.2;502.13;4242003621660;
KU15RA65;SIEMENS;FROID;Réfrigérateur 1pte intégrable;749;2.18;;P;R;378.2;9;0;0;344.16;373.9;4242003553350;
KI24RX30;SIEMENS;FROID;Réfrigérateur 1pte intégrable;619;2.29;;P;L;297.09;9;0;0;270.35;293.71;4242003652152;
KU15LA65;SIEMENS;FROID;Réfrigérateur 1pte intégrable;779;2.26;;P;R;378.2;9;0;0;344.16;373.9;4242003553343;
KI82LAD30;SIEMENS;FROID;Réfrigérateur 1pte intégrable;1059;2.23;;P;R;522.68;9;0;0;475.64;516.73;4242003621721;
KI24RV21FF;SIEMENS;FROID;Réfrigérateur 1pte intégrable;569;2.27;;P;R;276.04;9;0;0;251.2;272.9;4242003450543;
KI51FAD30;SIEMENS;FROID;Réfrigérateur 1pte intégrable;1099;1.81;CTM;P;;666.23;9;0;0;606.27;666.13;4242003643723;
KI24LX30;SIEMENS;FROID;Réfrigérateur 1pte intégrable;649;2.4;;P;R;297.09;9;0;0;270.35;293.71;4242003652145;
KI42LAD40;SIEMENS;FROID;Réfrigérateur 1pte intégrable;1029;1.81;CTM;P;;623.83;9;0;0;567.69;623.74;4242003619742;
KI24LV21FF;SIEMENS;FROID;Réfrigérateur 1pte intégrable;599;2.38;;P;R;276.04;9;0;0;251.2;272.9;4242003450239;
KI42LAD30;SIEMENS;FROID;Réfrigérateur 1pte intégrable;809;1.81;CTM;P;;490.58;9;0;0;446.43;490.52;4242003621776;
KI21RAD30;SIEMENS;FROID;Réfrigérateur 1pte intégrable;729;2.22;;P;R;360.51;9;0;0;328.06;356.42;4242003622742;
KD33VVW30;SIEMENS;FROID;Réfrigérateur 2ptes;669;2.15;;P;R;341.74;9;0;0;310.98;337.86;4242003540978;
KI28DA20;SIEMENS;FROID;Réfrigérateur 2ptes intégrable;819;1.81;CTM;P;;496.64;9;0;0;451.94;496.56;4242003363690;
KI87VVF30;SIEMENS;FROID;Réfrigérateur combi intégrable;979;2.22;;P;R;484.54;9;0;0;440.93;479.02;4242003674888;
KI86VVS30;SIEMENS;FROID;Réfrigérateur combi intégrable;899;2.18;;P;R;452.72;9;0;0;411.98;447.57;4242003674895;
KI34VV21FF;SIEMENS;FROID;Réfrigérateur combi intégrable;819;2.26;;P;L;397.5;9;0;0;361.72;392.99;4242003454916;
KI86SAD30;SIEMENS;FROID;Réfrigérateur combi intégrable;1409;2.13;;P;;725.4;9;0;0;660.11;717.15;4242003612071;
KI77VVS30;SIEMENS;FROID;Réfrigérateur combi intégrable;799;2.07;;P;;424.67;9;0;0;386.45;419.84;4242003691830;
KG36VXI30S;SIEMENS;FROID;Réfrigérateur combiné;769;2.28;;P;R;371.34;9;0;0;337.92;367.11;4242003665602;
KG56NXW30;SIEMENS;FROID;Réfrigérateur combiné;1049;2.18;$0;P;L;529.2;9;0;0;481.57;523.19;4242003736753;
KG36NXI3A;SIEMENS;FROID;Réfrigérateur combiné;969;2.18;$0;P;;487.91;9;0;0;444;482.36;4242003781197;
KG56NXI30;SIEMENS;FROID;Réfrigérateur combiné;1149;2.18;$0;P;O;579.6;9;0;0;527.44;573;4242003736760;
KG36NAX3A;SIEMENS;FROID;Réfrigérateur combiné;1229;2.11;$0;P;;640.21;9;0;0;582.59;632.92;4242003809952;
KG49EVI4A;SIEMENS;FROID;Réfrigérateur combiné;1149;2.22;;P;R;567.67;9;0;0;516.58;561.21;4242003832837;
KG39NVW35;SIEMENS;FROID;Réfrigérateur combiné;869;2.19;;P;R;436.56;9;0;0;397.27;431.59;4242003724910;
KG39NVI35;SIEMENS;FROID;Réfrigérateur combiné;979;2.22;;P;R;485.6;9;0;0;441.9;480.09;4242003724897;
WD15G462FF;SIEMENS;LAVAGE;Lavante séchante hublot;969;2.18;;P;L;487.63;9;0;0;443.74;482.08;4242003819050;
WD14H464FF;SIEMENS;LAVAGE;Lavante séchante hublot;1199;2.21;$1;P;R;595.36;9;0;0;541.78;588.58;4242003828779;
WK14D541FF;SIEMENS;LAVAGE;Lavante séchante intégrable;1399;1.94;$0;P;;792.99;9;0;0;721.62;783.97;4242003722527;
WM14E270FF;SIEMENS;LAVAGE;Lave linge hublot pose libre;499;1.51;$0;P;;363.4;9;0;0;330.69;363.34;4242003645642;
WM12N260FF;SIEMENS;LAVAGE;Lave linge hublot pose libre;599;2.31;;P;O;284.96;9;0;0;259.31;281.71;4242003732069;
WS12L260FF;SIEMENS;LAVAGE;Lave linge hublot pose libre;729;2.14;$0;P;R;374.23;9;0;0;340.55;369.97;4242003827918;
WM14N060FF;SIEMENS;LAVAGE;Lave linge hublot pose libre;579;2.35;;P;R;271.17;9;0;0;246.76;268.08;4242003732083;
WM14W690FF;SIEMENS;LAVAGE;Lave linge hublot pose libre;999;2.18;;P;L;504;9;0;0;458.64;498.27;4242003681800;
WM14B211FF;SIEMENS;LAVAGE;Lave linge hublot pose libre;499;2.32;;P;R;236.06;9;0;0;214.81;233.37;4242003675489;
WM14T458FF;SIEMENS;LAVAGE;Lave linge hublot pose libre;729;2.29;;P;L;349.28;9;0;0;317.84;345.31;4242003797563;
WM14T409FF;SIEMENS;LAVAGE;Lave linge hublot pose libre;829;2.4;;P;L;379.1;9;0;0;344.98;374.79;4242003805619;
WMH6Y892FF;SIEMENS;LAVAGE;Lave linge hublot pose libre;1399;2.17;;P;;708.08;9;0;0;644.35;700.02;4242003732151;
WM14E277FF;SIEMENS;LAVAGE;Lave linge hublot pose libre;519;2.26;;P;L;251.99;9;0;0;229.31;249.12;4242003763780;
WM14U940EU;SIEMENS;LAVAGE;Lave linge hublot pose libre;1599;1.67;CTM;P;;1053.33;9;0;0;958.53;1053.17;4242003787557;
WM12B211FF;SIEMENS;LAVAGE;Lave linge hublot pose libre;479;2.3;;P;L;228.99;9;0;0;208.38;226.39;4242003678749;
WM14N2X0FF;SIEMENS;LAVAGE;Lave linge hublot pose libre;799;1.86;$0;P;;472.07;9;0;0;429.58;466.7;4242003770764;
WI14W540FF;SIEMENS;LAVAGE;Lave linge intégrable;1099;1.99;;P;R;607.26;9;0;0;552.61;600.35;4242003770054;
WI12A201FF;SIEMENS;LAVAGE;Lave linge intégrable;899;1.81;CTM;P;;545.09;9;0;0;496.03;545;4242003722640;
SR736D11IE;SIEMENS;LAVAGE;Lave vaisselle 45cm intégrable;959;2.22;;P;R;474;9;0;0;431.34;468.61;4242003845622;
SR636X00ME;SIEMENS;LAVAGE;Lave vaisselle 45cm intégrable;729;2.21;;P;R;361.74;9;0;0;329.18;357.63;4242003822043;
SR656D00TE;SIEMENS;LAVAGE;Lave vaisselle 45cm intégrable;959;2.22;;P;;474;9;0;0;431.34;468.61;4242003818022;
SR614X01CE;SIEMENS;LAVAGE;Lave vaisselle 45cm intégrable;599;2.1;;P;;313.04;9;0;0;284.87;309.48;4242003821978;
SK26E221EU;SIEMENS;LAVAGE;Lave vaisselle 45cm pose libre;429;2.06;;P;;228.3;9;0;0;207.75;225.7;4242003706350;
SR256I00TE;SIEMENS;LAVAGE;Lave vaisselle 45cm pose libre;859;2.25;$0;P;R;419.59;9;0;0;381.83;414.81;4242003819968;
SR236W01ME;SIEMENS;LAVAGE;Lave vaisselle 45cm pose libre;659;2.2;;P;R;328.87;9;0;0;299.27;325.12;4242003818589;
SK26E821EU;SIEMENS;LAVAGE;Lave vaisselle 45cm pose libre;479;2.13;;P;R;247.42;9;0;0;225.15;244.61;4242003706367;
SN558S16TE;SIEMENS;LAVAGE;Lave vaisselle 60cm intégrable;1099;1.81;CTM;P;;666.23;9;0;0;606.27;666.13;4242003800881;
SN658D02IE;SIEMENS;LAVAGE;Lave vaisselle 60cm intégrable;929;2.2;;P;R;463.92;9;0;0;422.17;458.64;4242003800874;
SN658X00ME;SIEMENS;LAVAGE;Lave vaisselle 60cm intégrable;1039;2.32;;P;O;491.31;9;0;0;447.09;485.72;4242003776896;
SN536S02GE;SIEMENS;LAVAGE;Lave vaisselle 60cm intégrable;739;1.81;CTM;P;;448.19;9;0;0;407.85;448.12;4242003784631;
SN65D002EU;SIEMENS;LAVAGE;Lave vaisselle 60cm intégrable;549;2.28;;P;L;264.03;9;0;0;240.27;261.03;4242003647233;
SN636X01KE;SIEMENS;LAVAGE;Lave vaisselle 60cm intégrable;659;2.08;;P;R;348.61;9;0;0;317.24;344.65;4242003767252;
SN458S02ME;SIEMENS;LAVAGE;Lave vaisselle 60cm intégrable;899;2.01;$0;P;;490.72;9;0;0;446.56;485.14;4242003767245;
SN636X03IE;SIEMENS;LAVAGE;Lave vaisselle 60cm intégrable;779;2.35;;P;L;363.54;9;0;0;330.82;359.4;4242003767221;
SN558W09ME;SIEMENS;LAVAGE;Lave vaisselle 60cm intégrable;869;2.18;;P;R;438.14;9;0;0;398.71;433.16;4242003827130;
SC76M541EU;SIEMENS;LAVAGE;Lave vaisselle 60cm intégrable;999;1.81;CTM;P;;605.66;9;0;0;551.15;605.57;4242003693247;
SN636X01AE;SIEMENS;LAVAGE;Lave vaisselle 60cm intégrable;619;2.31;;P;L;294.79;9;0;0;268.26;291.44;4242003780534;
SN558S09ME;SIEMENS;LAVAGE;Lave vaisselle 60cm intégrable;919;2.3;;P;R;440;9;0;0;400.4;435;4242003827246;
SX64D004EU;SIEMENS;LAVAGE;Lave vaisselle 60cm intégrable;559;1.81;CTM;P;;339.17;9;0;0;308.64;339.11;4242003647226;
SN558B09ME;SIEMENS;LAVAGE;Lave vaisselle 60cm intégrable;869;2.28;$0;P;L;418.14;9;0;0;380.51;413.39;4242003827123;
SN536W03ME;SIEMENS;LAVAGE;Lave vaisselle 60cm intégrable;809;2.26;;P;R;393.04;9;0;0;357.67;388.57;4242003767757;
SN778D86TE;SIEMENS;LAVAGE;Lave vaisselle 60cm intégrable;1399;1.81;CTM;P;;847.93;9;0;0;771.62;847.81;4242003844083;
SN536S03ME;SIEMENS;LAVAGE;Lave vaisselle 60cm intégrable;859;2.23;$0;P;R;422.53;9;0;0;384.5;417.72;4242003774687;
SN658X26TE;SIEMENS;LAVAGE;Lave vaisselle 60cm intégrable;1219;1.81;CTM;P;;738.91;9;0;0;672.41;738.8;4242003800904;
SX736X19ME;SIEMENS;LAVAGE;Lave vaisselle 60cm intégrable;959;2.27;;P;R;463.92;9;0;0;422.17;458.64;4242003844601;
SN536S01AE;SIEMENS;LAVAGE;Lave vaisselle 60cm intégrable;669;2.18;;P;R;337.9;9;0;0;307.49;334.05;4242003796795;
SN658D02ME;SIEMENS;LAVAGE;Lave vaisselle 60cm intégrable;959;2.14;;P;;491.31;9;0;0;447.09;485.72;4242003767207;
SN736X19ME;SIEMENS;LAVAGE;Lave vaisselle 60cm intégrable;899;2.19;;P;R;450.3;9;0;0;409.77;445.18;4242003844571;
SN536B03NE;SIEMENS;LAVAGE;Lave vaisselle 60cm intégrable;809;2.26;;P;R;393.04;9;0;0;357.67;388.57;4242003846414;
SN636X03ME;SIEMENS;LAVAGE;Lave vaisselle 60cm intégrable;799;1.81;CTM;P;;484.53;9;0;0;440.92;484.46;4242003762431;
SN678X36TE;SIEMENS;LAVAGE;Lave vaisselle 60cm intégrable;1299;2;;P;R;713.45;9;0;0;649.24;705.33;4242003766958;
SN636X02GE;SIEMENS;LAVAGE;Lave vaisselle 60cm intégrable;679;1.99;$0;P;;375.52;9;0;0;341.72;371.25;4242003780541;
SN658X03IE;SIEMENS;LAVAGE;Lave vaisselle 60cm intégrable;849;2.18;;P;R;427.84;9;0;0;389.33;422.97;4242003782545;
SN578S36TE;SIEMENS;LAVAGE;Lave vaisselle 60cm intégrable;1399;1.81;CTM;P;;847.93;9;0;0;771.62;847.81;4242003769317;
SN658X02ME;SIEMENS;LAVAGE;Lave vaisselle 60cm intégrable;899;2.33;;P;R;424.56;9;0;0;386.35;419.73;4242003788011;
SN236I04ME;SIEMENS;LAVAGE;Lave vaisselle 60cm pose libre;819;2.41;$0;P;;373.62;9;0;0;339.99;369.36;4242003826966;
SN236I04NE;SIEMENS;LAVAGE;Lave vaisselle 60cm pose libre;819;2.23;;P;O;404.28;9;0;0;367.89;399.68;4242003845431;
SN215W02AE;SIEMENS;LAVAGE;Lave vaisselle 60cm pose libre;509;2.25;;P;L;248.9;9;0;0;226.5;246.06;4242003787625;
SN236I01KE;SIEMENS;LAVAGE;Lave vaisselle 60cm pose libre;689;2.33;;P;;324.3;9;0;0;295.11;320.62;4242003776049;
SN236I01IE;SIEMENS;LAVAGE;Lave vaisselle 60cm pose libre;879;2.2;;P;;438.27;9;0;0;398.83;433.28;4242003776810;
SN278I36TE;SIEMENS;LAVAGE;Lave vaisselle 60cm pose libre;1199;2.15;;P;R;612.37;9;0;0;557.26;605.4;4242003769300;
SN236I03KE;SIEMENS;LAVAGE;Lave vaisselle 60cm pose libre;709;2.41;;P;B;323.21;9;0;0;294.12;319.52;4242003802106;
SN236I00ME;SIEMENS;LAVAGE;Lave vaisselle 60cm pose libre;839;2.23;;P;;414.15;9;0;0;376.88;409.44;4242003776872;
SN236W01GE;SIEMENS;LAVAGE;Lave vaisselle 60cm pose libre;629;2.24;;P;R;308.36;9;0;0;280.61;304.85;4242003793558;
SN236I51KE;SIEMENS;LAVAGE;Lave vaisselle 60cm pose libre;689;2.33;;P;R;324.3;9;0;0;295.11;320.61;4242003860359;
SN236I00NE;SIEMENS;LAVAGE;Lave vaisselle 60cm pose libre;839;2.23;;P;R;414.15;9;0;0;376.88;409.44;4242003850299;
SN258W00TE;SIEMENS;LAVAGE;Lave vaisselle 60cm pose libre;919;2.09;;P;;482.36;9;0;0;438.95;476.87;4242003800867;
SN236W03ME;SIEMENS;LAVAGE;Lave vaisselle 60cm pose libre;749;2.38;;P;;345.12;9;0;0;314.06;341.2;4242003762554;
SN236W02GE;SIEMENS;LAVAGE;Lave vaisselle 60cm pose libre;599;2.07;;P;;317.78;9;0;0;289.18;314.17;4242003782798;
SN236W03GE;SIEMENS;LAVAGE;Lave vaisselle 60cm pose libre;619;2.34;;P;O;290.34;9;0;0;264.21;287.03;4242003793930;
SN236W03NE;SIEMENS;LAVAGE;Lave vaisselle 60cm pose libre;749;2.23;;P;L;369.77;9;0;0;336.49;365.57;4242003855195;
WT46G401FF;SIEMENS;LAVAGE;Sèche linge hublot condensatio;629;2.3;;P;;300.36;9;0;0;273.33;296.95;4242003771754;
WT43N200FF;SIEMENS;LAVAGE;Sèche linge hublot condensatio;569;2.19;$0;P;;285.52;9;0;0;259.82;282.26;4242003763902;
WT45G408FF;SIEMENS;LAVAGE;Sèche linge hublot condensatio;629;2.18;;P;O;317.77;9;0;0;289.17;314.16;4242003861172;
WT43N207FF;SIEMENS;LAVAGE;Sèche linge hublot condensatio;569;2.19;;P;L;285.52;9;0;0;259.82;282.26;4242003860953;
WT33A200FF;SIEMENS;LAVAGE;Sèche linge hublot évacuation;529;2.22;;P;R;261.31;9;0;0;237.79;258.34;4242003754498;
WT47W591FF;SIEMENS;LAVAGE;Sèche linge pompe à chaleur;1099;2.05;$0;P;R;589.55;9;0;0;536.49;582.85;4242003831120;
WT45W461FF;SIEMENS;LAVAGE;Sèche linge pompe à chaleur;929;2.18;;P;;468.56;9;0;0;426.39;463.22;4242003846797;
WT45RVX0FF;SIEMENS;LAVAGE;Sèche linge pompe à chaleur;899;2.07;;P;;476.29;9;0;0;433.42;470.87;4242003838334;
WT47W491FF;SIEMENS;LAVAGE;Sèche linge pompe à chaleur;999;2.18;$0;P;L;503.61;9;0;0;458.29;497.87;4242003832851;
WT45RV01FF;SIEMENS;LAVAGE;Sèche linge pompe à chaleur;829;2.26;$0;P;L;402.58;9;0;0;366.35;397.99;4242003838747;
GC+5SIEMOEN;SIEMENS;PRESTATIONS;EXTENSION DE GARANTIE;108;1.88;;P;;63;9;0;0;57.33;64;;
GC+5SIECONGEN;SIEMENS;PRESTATIONS;EXTENSION DE GARANTIE;108;1.88;;P;;63;9;0;0;57.33;64;;
GC+5SIEMO;SIEMENS;PRESTATIONS;EXTENSION DE GARANTIE;108;1.88;;P;;63;9;0;0;57.33;64;;
GC+5SIECONG;SIEMENS;PRESTATIONS;EXTENSION DE GARANTIE;108;1.88;;P;;63;9;0;0;57.33;64;;
GC+5SIELVEN;SIEMENS;PRESTATIONS;EXTENSION DE GARANTIE;108;1.88;;P;;63;9;0;0;57.33;64;;
GC+5SIECAV;SIEMENS;PRESTATIONS;EXTENSION DE GARANTIE;108;1.88;;P;;63;9;0;0;57.33;64;;
GC+5SIELV;SIEMENS;PRESTATIONS;EXTENSION DE GARANTIE;108;1.88;;P;;63;9;0;0;57.33;64;;
GC+5SIEREFUS;SIEMENS;PRESTATIONS;EXTENSION DE GARANTIE;108;1.88;;P;;63;9;0;0;57.33;64;;
GC+5SIELS;SIEMENS;PRESTATIONS;EXTENSION DE GARANTIE;108;1.88;;P;;63;9;0;0;57.33;64;;
GC+5SIEREFEN;SIEMENS;PRESTATIONS;EXTENSION DE GARANTIE;108;1.88;;P;;63;9;0;0;57.33;64;;
GC+5SIELLSLEN;SIEMENS;PRESTATIONS;EXTENSION DE GARANTIE;108;1.88;;P;;63;9;0;0;57.33;64;;
GC+5SIEREF;SIEMENS;PRESTATIONS;EXTENSION DE GARANTIE;108;1.88;;P;;63;9;0;0;57.33;64;;
GC+5SIELLSL;SIEMENS;PRESTATIONS;EXTENSION DE GARANTIE;108;1.88;;P;;63;9;0;0;57.33;64;;
GC+5SIEPVITEN;SIEMENS;PRESTATIONS;EXTENSION DE GARANTIE;108;1.88;;P;;63;9;0;0;57.33;64;;
GC+5SIEHOTEN;SIEMENS;PRESTATIONS;EXTENSION DE GARANTIE;108;1.88;;P;;63;9;0;0;57.33;64;;
GC+5SIEPVEREN;SIEMENS;PRESTATIONS;EXTENSION DE GARANTIE;108;1.88;;P;;63;9;0;0;57.33;64;;
GC+5SIEFPYREN;SIEMENS;PRESTATIONS;EXTENSION DE GARANTIE;108;1.88;;P;;63;9;0;0;57.33;64;;
GC+5SIEPINEN;SIEMENS;PRESTATIONS;EXTENSION DE GARANTIE;108;1.88;;P;;63;9;0;0;57.33;64;;
GC+5SIEFCATEN;SIEMENS;PRESTATIONS;EXTENSION DE GARANTIE;108;1.88;;P;;63;9;0;0;57.33;64;;
GC+5SIEPGAZEN;SIEMENS;PRESTATIONS;EXTENSION DE GARANTIE;108;1.88;;P;;63;9;0;0;57.33;64;;
GC+5SIECUI;SIEMENS;PRESTATIONS;EXTENSION DE GARANTIE;108;1.88;;P;;63;9;0;0;57.33;64;;
BGL3ECO11;BOSCH;ASPIRATEUR;Aspirateur avec sac;179;1.88;;P;L;95.61;0.5;0;0;95.13;99.16;4242005070251;
BGBS4PET1;BOSCH;ASPIRATEUR;Aspirateur avec sac;199;1.75;;P;L;114.1;0.5;0;0;113.53;118.33;4242005202928;
BGB7331S;BOSCH;ASPIRATEUR;Aspirateur avec sac;299;1.76;;P;L;170.53;0.5;0;0;169.68;176.86;4242002959030;
BGLS4K432;BOSCH;ASPIRATEUR;Aspirateur avec sac;179;1.88;;P;O;95.61;0.5;0;0;95.13;99.16;4242005178230;
BGLS4HYG2;BOSCH;ASPIRATEUR;Aspirateur avec sac;179;1.88;;P;O;95.6;0.5;0;0;95.12;99.16;4242005200177;
BGL35300;BOSCH;ASPIRATEUR;Aspirateur avec sac;159;1.93;;P;;82.83;0.5;0;0;82.42;85.9;4242005042548;
BZGL2A430;BOSCH;ASPIRATEUR;Aspirateur avec sac;99.99;1.77;;P;L;56.84;0.5;0;0;56.56;58.95;4242005161430;
BGBS4POW1;BOSCH;ASPIRATEUR;Aspirateur avec sac;149;1.75;;P;R;85.7;0.5;0;0;85.27;88.42;4242005200191;
BZGL2A310;BOSCH;ASPIRATEUR;Aspirateur avec sac;99;1.75;$0;P;L;56.84;0.5;0;0;56.56;58.95;4242005062423;
BHN14090;BOSCH;ASPIRATEUR;Aspirateur main;79.9;1.85;;P;L;43.51;0.5;0;0;43.29;45.12;4242002957005;
BGS5KSILS;BOSCH;ASPIRATEUR;Aspirateur sans sac;349;1.89;$0;P;O;185.91;0.5;0;0;184.98;192.81;4242005101788;
BGS7MS64;BOSCH;ASPIRATEUR;Aspirateur sans sac;429;1.84;;P;R;233.92;0.5;0;0;232.75;242.59;4242005060818;
BGS2POW1;BOSCH;ASPIRATEUR;Aspirateur sans sac;199;1.75;;P;R;114.1;0.5;0;0;113.53;118.33;4242005203260;
BGS7RCL;BOSCH;ASPIRATEUR;Aspirateur sans sac;329;1.94;G;P;L;170.5;0.5;0;0;169.65;176.83;4242002997933;
BGS05X240;BOSCH;ASPIRATEUR;Aspirateur sans sac;139;1.9;;P;R;73.53;0.5;0;0;73.16;76.24;4242005195602;
BGS41PET;BOSCH;ASPIRATEUR;Aspirateur sans sac;299;1.84;;P;L;163.19;0.5;0;0;162.37;169.23;4242005202300;
BGC3U330;BOSCH;ASPIRATEUR;Aspirateur sans sac;249;1.76;;P;R;142.16;0.5;0;0;141.45;147.43;4242002927794;
BGC05AAA1;BOSCH;ASPIRATEUR;Aspirateur sans sac;99.99;1.68;;P;R;59.83;0.5;0;0;59.53;62.05;4242005076338;
BBS1114;BOSCH;ASPIRATEUR;Balais;499;1.81;;P;R;276.48;0.5;0;0;275.1;286.73;4242005076963;
BBH62860;BOSCH;ASPIRATEUR;Balais;299;1.95;;P;R;153.95;0.5;0;0;153.18;159.67;4242005140503;
BBH2P14L;BOSCH;ASPIRATEUR;Balais;159;1.79;;P;R;89.08;0.5;0;0;88.63;92.38;4242005073832;
BBH52550;BOSCH;ASPIRATEUR;Balais;354;1.96;;P;L;181.33;0.5;0;0;180.42;188.04;4242002805375;
BBH21830L;BOSCH;ASPIRATEUR;Balais;199;1.89;;P;R;105.61;0.5;0;0;105.08;109.51;4242002992884;
BBH32551;BOSCH;ASPIRATEUR;Balais;259;1.97;;P;L;132.29;0.5;0;0;131.63;137.18;4242005109937;
BBH216RIA;BOSCH;ASPIRATEUR;Balais;139;1.95;;P;L;71.67;0.5;0;0;71.31;74.33;4242005134717;
BCHF216S;BOSCH;ASPIRATEUR;Balais;149;1.79;;P;R;83.52;0.5;0;0;83.1;86.61;4242005183166;
BBS1224;BOSCH;ASPIRATEUR;Balais;599;1.8;;P;R;334.07;0.5;0;0;332.4;346.45;4242005076949;
06008B7000;BOSCH;ASPIRATEUR;Nettoyeur vapeur;69.99;1.66;;P;;42.49;0.5;0;0;42.28;44.06;3165140920148;
BIC630NS1;BOSCH;CUISSON;Accessoires cuisson;559;1.81;CTM;P;;339.17;9;0;0;308.64;339.11;4242002813851;
NEZ34VLA;BOSCH;CUISSON;Autres;39;1.63;CTM;P;;26.33;9;0;0;23.96;26.33;4242002328591;
HXR39IH20;BOSCH;CUISSON;Cuisinière gaz;729;2.11;;P;;380.45;9;0;0;346.21;376.08;4242005132836;
HWS59IE50;BOSCH;CUISSON;Cuisinière gaz;819;2.13;;P;;422.7;9;0;0;384.66;417.87;4242005041374;
HXR39IG20;BOSCH;CUISSON;Cuisinière mixte;599;2.03;$0;P;L;324.75;9;0;0;295.52;321.05;4242005132812;
HBN231S4;BOSCH;CUISSON;Four encastrable manuel;379;1.86;CTM;P;;223.52;9;0;0;203.4;227.81;4242002810409;
HBA553BR0;BOSCH;CUISSON;Four encastrable manuel;499;2.21;$0;P;L;248.44;9;0;0;226.08;245.62;4242005030118;
HBG655NS1;BOSCH;CUISSON;Four encastrable manuel;799;1.81;CTM;P;;484.53;9;0;0;440.92;484.46;4242002807850;
HBF154YS0;BOSCH;CUISSON;Four encastrable manuel;499;2.23;;P;B;246.4;9;0;0;224.22;243.59;4242005047581;
HBA5560S0;BOSCH;CUISSON;Four encastrable manuel;659;2.23;;P;R;324.74;9;0;0;295.51;321.05;4242005056583;
HBA553BV0;BOSCH;CUISSON;Four encastrable manuel;499;2.21;;P;R;248.44;9;0;0;226.08;245.62;4242005056552;
HBA553BA0;BOSCH;CUISSON;Four encastrable manuel;499;2.21;;P;R;248.44;9;0;0;226.08;245.62;4242005056545;
HSG656XS1;BOSCH;CUISSON;Four encastrable manuel;2049;2.04;;P;;1103.09;9;0;0;1003.81;1090.54;4242002789125;
HRG636XS6;BOSCH;CUISSON;Four encastrable manuel;2059;1.87;CTM;P;;1211.76;9;0;0;1102.7;1235.02;4242002808345;
HBG672BB1F;BOSCH;CUISSON;Four encastrable pyrolyse;899;2.38;;P;;415.76;9;0;0;378.34;411.03;4242002808758;
HBG675BB1F;BOSCH;CUISSON;Four encastrable pyrolyse;999;2.29;;P;;479.16;9;0;0;436.04;473.7;4242002808666;
HBB578BS0;BOSCH;CUISSON;Four encastrable pyrolyse;1059;2.13;$0;P;;545.27;9;0;0;496.2;539.07;4242005029044;
HBA573ES0;BOSCH;CUISSON;Four encastrable pyrolyse;759;2.21;;P;R;378.1;9;0;0;344.07;373.8;4242005033935;
HBG675BB1;BOSCH;CUISSON;Four encastrable pyrolyse;999;2.13;;P;;515.46;9;0;0;469.07;509.6;4242002808673;
HBB574BS0;BOSCH;CUISSON;Four encastrable pyrolyse;899;2.2;;P;;449.22;9;0;0;408.79;444.1;4242005056811;
HRG6769S6;BOSCH;CUISSON;Four encastrable pyrolyse;1899;2.07;;P;;1009.75;9;0;0;918.87;998.27;4242002936963;
HBA573BV0;BOSCH;CUISSON;Four encastrable pyrolyse;699;2.28;;P;R;336.9;9;0;0;306.58;333.07;4242005033911;
HBG6755S1F;BOSCH;CUISSON;Four encastrable pyrolyse;1159;2.37;;P;;537.2;9;0;0;488.85;531.08;4242002808024;
HBA573EB0;BOSCH;CUISSON;Four encastrable pyrolyse;759;1.81;CTM;P;;460.3;9;0;0;418.87;460.23;4242005033928;
HRG6769S2F;BOSCH;CUISSON;Four encastrable pyrolyse;1999;2.18;;P;;1009.75;9;0;0;918.87;998.27;4242002912738;
HBA573BR0;BOSCH;CUISSON;Four encastrable pyrolyse;699;2.28;;P;R;336.9;9;0;0;306.58;333.07;4242005033898;
HBG6755B1F;BOSCH;CUISSON;Four encastrable pyrolyse;1159;2.37;;P;;537.2;9;0;0;488.85;531.08;4242002808017;
CMG636BW1;BOSCH;CUISSON;Four encastrable pyrolyse;1189;2.11;;P;;618.56;9;0;0;562.89;611.52;4242002807447;
HRG675BS1;BOSCH;CUISSON;Four encastrable pyrolyse;1659;1.87;CTM;P;;976.46;9;0;0;888.58;995.21;4242002917498;
HBA573BA0;BOSCH;CUISSON;Four encastrable pyrolyse;699;2.28;;P;R;336.9;9;0;0;306.58;333.07;4242005033881;
HBG6750S1F;BOSCH;CUISSON;Four encastrable pyrolyse;1059;1.87;CTM;P;;623.52;9;0;0;567.4;635.49;4242002807966;
CMG636BS1;BOSCH;CUISSON;Four encastrable pyrolyse;1189;2.11;;P;;618.56;9;0;0;562.89;611.52;4242002789156;
HBG676ES6;BOSCH;CUISSON;Four encastrable pyrolyse;1399;1.81;CTM;P;;847.93;9;0;0;771.62;847.81;4242002911335;
HBG672BW1S;BOSCH;CUISSON;Four encastrable pyrolyse;949;2.13;;P;;488.66;9;0;0;444.68;483.1;4242005055760;
CMG636BB1;BOSCH;CUISSON;Four encastrable pyrolyse;1189;2.11;;P;;618.56;9;0;0;562.89;611.52;4242002807423;
HBG6769S1F;BOSCH;CUISSON;Four encastrable pyrolyse;1499;2.19;;P;;753.84;9;0;0;685.99;745.27;4242002808109;
HBG672BW1F;BOSCH;CUISSON;Four encastrable pyrolyse;899;2.38;;P;;415.76;9;0;0;378.34;411.03;4242002808727;
CMG633BS1;BOSCH;CUISSON;Four encastrable pyrolyse;1089;1.93;;P;;618.56;9;0;0;562.89;611.52;4242002789149;
HBG6769B1F;BOSCH;CUISSON;Four encastrable pyrolyse;1499;2.19;;P;;753.84;9;0;0;685.99;745.27;4242002808093;
HBG672BS2;BOSCH;CUISSON;Four encastrable pyrolyse;949;2.13;;P;;488.66;9;0;0;444.68;483.1;4242005180035;
CBG675BS3;BOSCH;CUISSON;Four encastrable pyrolyse;989;2.13;;P;;510.31;9;0;0;464.38;504.5;4242005110827;
HBG6760S1F;BOSCH;CUISSON;Four encastrable pyrolyse;1299;2.13;;P;;670.1;9;0;0;609.79;662.48;4242002839967;
HBG672BS1F;BOSCH;CUISSON;Four encastrable pyrolyse;899;2.38;;P;;415.76;9;0;0;378.34;411.03;4242002808734;
HBG675BS2;BOSCH;CUISSON;Four encastrable pyrolyse;999;2.13;;P;;515.46;9;0;0;469.07;509.6;4242005180042;
HBG672BB1S;BOSCH;CUISSON;Four encastrable pyrolyse;949;2.13;;P;;488.66;9;0;0;444.68;483.1;4242005055777;
HBG675BS1F;BOSCH;CUISSON;Four encastrable pyrolyse;999;2.29;;P;;479.16;9;0;0;436.04;473.7;4242002808642;
CDG634AS0;BOSCH;CUISSON;Four vapeur;1189;2.21;;P;;591.14;9;0;0;537.94;584.37;4242005101740;
DWF97RV60;BOSCH;CUISSON;Hotte;1469;1.81;CTM;P;;890.32;9;0;0;810.19;890.19;4242002946580;
DUL63CC50;BOSCH;CUISSON;Hotte;229;2.47;;P;L;101.89;9;0;0;92.72;100.73;4242002968506;
DHL535C;BOSCH;CUISSON;Hotte;199;1.86;CTM;P;;117.64;9;0;0;107.05;119.9;4242002258461;
DEM66AC00;BOSCH;CUISSON;Hotte;399;2.13;;P;R;205.74;9;0;0;187.22;203.39;4242005041114;
DWB96FM50;BOSCH;CUISSON;Hotte;549;1.81;CTM;P;;333.11;9;0;0;303.13;333.07;4242005051137;
DWB66FM50;BOSCH;CUISSON;Hotte;499;2.12;;P;;258.38;9;0;0;235.13;255.44;4242005036073;
DWQ96DM50;BOSCH;CUISSON;Hotte;499;2.04;$0;P;;269.1;9;0;0;244.88;266.04;4242005039623;
DWB098J50;BOSCH;CUISSON;Hotte;809;1.87;CTM;P;;476.46;9;0;0;433.58;485.61;4242002812458;
DWP94BC60;BOSCH;CUISSON;Hotte;279;2.08;;P;;147.48;9;0;0;134.21;145.8;4242005026791;
DWB097A50;BOSCH;CUISSON;Hotte;599;2.13;;P;;308.6;9;0;0;280.83;305.1;4242002774640;
DWB97IM50;BOSCH;CUISSON;Hotte;599;2.13;;P;R;308.6;9;0;0;280.83;305.1;4242005039616;
DWP94BC50;BOSCH;CUISSON;Hotte;279;1.81;CTM;P;;169.58;9;0;0;154.32;169.56;4242005032013;
DIB097A50;BOSCH;CUISSON;Hotte;1009;2.18;;P;;509.61;9;0;0;463.75;503.81;4242002768991;
DWB94BC50;BOSCH;CUISSON;Hotte;379;2.14;$0;P;R;194.55;9;0;0;177.04;192.34;4242005051090;
DWP64BC60;BOSCH;CUISSON;Hotte;249;1.81;CTM;P;;151.41;9;0;0;137.78;151.39;4242005031979;
DIB091K50;BOSCH;CUISSON;Hotte;1309;2.17;;P;;662.49;9;0;0;602.87;654.95;4242002812205;
DWB64BC50;BOSCH;CUISSON;Hotte;329;2.11;;P;R;171.5;9;0;0;156.06;169.56;4242005050994;
DWP64BC50;BOSCH;CUISSON;Hotte;249;1.81;CTM;P;;151.41;9;0;0;137.78;151.39;4242005031450;
DHU626ML;BOSCH;CUISSON;Hotte;269;1.81;CTM;P;;163.52;9;0;0;148.8;163.5;4242005121687;
DUL63CC20;BOSCH;CUISSON;Hotte;209;2.25;;P;R;101.89;9;0;0;92.72;100.73;4242002968476;
DWK97HM60;BOSCH;CUISSON;Hotte;829;2.21;;P;;411.47;9;0;0;374.44;406.8;4242002946771;
DHL575C;BOSCH;CUISSON;Hotte;509;1.81;CTM;P;;308.88;9;0;0;281.08;308.84;4242002824345;
DHL555BL;BOSCH;CUISSON;Hotte;309;2.27;;P;R;149.48;9;0;0;136.03;147.78;4242005122455;
DWK97HM20;BOSCH;CUISSON;Hotte;829;2.21;;P;;411.47;9;0;0;374.44;406.8;4242002946764;
DHL555B;BOSCH;CUISSON;Hotte;309;2.33;;P;;145.72;9;0;0;132.61;144.07;4242002258508;
DFM064W52;BOSCH;CUISSON;Hotte;329;2.29;;P;R;158.01;9;0;0;143.79;156.22;4242002872704;
DWK67HM60;BOSCH;CUISSON;Hotte;769;2.19;;P;;385.75;9;0;0;351.03;381.36;4242002946696;
DHL545S;BOSCH;CUISSON;Hotte;269;2.16;;P;;136.94;9;0;0;124.62;135.39;4242002258478;
DFM064A51;BOSCH;CUISSON;Hotte;409;2.13;;P;R;210.69;9;0;0;191.73;208.3;4242002872667;
CTL636ES1;BOSCH;CUISSON;Machine à café encastrable;2559;2.18;;P;;1291.94;9;0;0;1175.67;1277.24;4242002769226;
CTL636EB1;BOSCH;CUISSON;Machine à café encastrable;2559;1.87;CTM;P;;1505.88;9;0;0;1370.35;1534.79;4242002798264;
BFL634GB1;BOSCH;CUISSON;Micro ondes intégrable;779;2.24;;P;R;381.94;9;0;0;347.57;377.61;4242002813752;
BFL554MS0;BOSCH;CUISSON;Micro ondes intégrable;499;2.24;;P;R;244.32;9;0;0;222.33;241.54;4242005038954;
BFL550MW0;BOSCH;CUISSON;Micro ondes intégrable;459;2.3;;P;R;219.6;9;0;0;199.84;217.1;4242005038909;
BFL550MB0;BOSCH;CUISSON;Micro ondes intégrable;459;2.3;;P;R;219.6;9;0;0;199.84;217.1;4242005038916;
HMT75M551;BOSCH;CUISSON;Micro ondes intégrable;399;1.81;CTM;P;;242.26;9;0;0;220.46;242.22;4242002491653;
BFL634GW1;BOSCH;CUISSON;Micro ondes intégrable;779;2.24;;P;R;381.94;9;0;0;347.57;377.61;4242002813783;
BFL554MWO;BOSCH;CUISSON;Micro ondes intégrable;499;1.81;CTM;P;;302.83;9;0;0;275.58;302.78;4242005038978;
BFL550MS0;BOSCH;CUISSON;Micro ondes intégrable;459;2.3;$0;P;L;219.6;9;0;0;199.84;217.1;4242005038893;
BFL634GS1;BOSCH;CUISSON;Micro ondes intégrable;779;2.24;;P;R;381.94;9;0;0;347.57;377.61;4242002813769;
BFL554MB0;BOSCH;CUISSON;Micro ondes intégrable;499;1.81;CTM;P;;302.83;9;0;0;275.58;302.78;4242005038985;
HMT72M450;BOSCH;CUISSON;Micro-ondes combi intégrable;159;1.8;CTM;P;;96.9;9;0;0;88.18;96.88;4242002418988;
HMT72M420;BOSCH;CUISSON;Micro-ondes combi intégrable;159;1.8;CTM;P;;96.9;9;0;0;88.18;96.88;4242002418971;
BEL550MB0;BOSCH;CUISSON;Micro-ondes gril intégrable;499;1.81;CTM;P;;302.83;9;0;0;275.58;302.78;4242005038923;
BEL554MS0;BOSCH;CUISSON;Micro-ondes gril intégrable;559;2.15;;P;R;285.38;9;0;0;259.7;282.14;4242005038992;
BEL550MS0;BOSCH;CUISSON;Micro-ondes gril intégrable;499;2.2;;P;R;249;9;0;0;226.59;246.16;4242005038930;
PEE689CA1;BOSCH;CUISSON;Plaque électrique;269;1.87;CTM;P;;158;9;0;0;143.78;157.98;4242002938189;
PEE389CF1;BOSCH;CUISSON;Plaque électrique;199;1.86;CTM;P;;117.64;9;0;0;107.05;119.9;4242002938493;
PPP6A6B20;BOSCH;CUISSON;Plaque gaz;499;2.22;;P;R;247.42;9;0;0;225.15;244.61;4242002914848;
PCI6A5B90;BOSCH;CUISSON;Plaque gaz;469;1.86;CTM;P;;276.46;9;0;0;251.58;281.77;4242002802701;
PPP6A2B20;BOSCH;CUISSON;Plaque gaz;499;2.39;;P;R;229.9;9;0;0;209.21;227.28;4242002914763;
PCC6A5B90;BOSCH;CUISSON;Plaque gaz;369;1.81;CTM;P;;224.09;9;0;0;203.92;224.06;4242002802688;
PPC6A6B10;BOSCH;CUISSON;Plaque gaz;409;2.24;;P;R;201.02;9;0;0;182.93;198.73;4242002914688;
PSB3A6B20;BOSCH;CUISSON;Plaque gaz;479;1.81;CTM;P;;290.71;9;0;0;264.55;290.66;4242002811109;
PBC6B5B80;BOSCH;CUISSON;Plaque gaz;239;1.86;CTM;P;;141.17;9;0;0;128.46;143.88;4242002821269;
PGP6B5B90;BOSCH;CUISSON;Plaque gaz;309;2.34;;P;R;145.36;9;0;0;132.28;143.71;4242005119318;
PPP6A9B20;BOSCH;CUISSON;Plaque gaz;499;1.81;CTM;P;;302.83;9;0;0;275.58;302.78;4242002914923;
PCC6A5B80;BOSCH;CUISSON;Plaque gaz;339;2.22;;P;R;168.17;9;0;0;153.03;166.25;4242002914114;
PNP6B6B10;BOSCH;CUISSON;Plaque gaz;349;1.86;CTM;P;;205.88;9;0;0;187.35;209.83;4242002928067;
PBP6B5B80;BOSCH;CUISSON;Plaque gaz;249;2.31;;P;R;118.56;9;0;0;107.89;117.21;4242002831770;
PNC6B6B10;BOSCH;CUISSON;Plaque gaz;329;1.81;CTM;P;;199.86;9;0;0;181.87;199.83;4242002928906;
PBP6B2B80;BOSCH;CUISSON;Plaque gaz;249;2.5;;P;R;109.28;9;0;0;99.44;108.04;4242002832807;
PGP6B6B80;BOSCH;CUISSON;Plaque gaz;289;1.81;CTM;P;;175.64;9;0;0;159.83;175.62;4242002937694;
PGP6B5B80;BOSCH;CUISSON;Plaque gaz;259;2.05;;P;;139;9;0;0;126.49;137.42;4242002937687;
POP6B6B10;BOSCH;CUISSON;Plaque gaz;309;2.48;;P;L;137.1;9;0;0;124.76;135.54;4242002834351;
PCQ7A5B80;BOSCH;CUISSON;Plaque gaz;499;1.81;CTM;P;;302.83;9;0;0;275.58;302.78;4242002914428;
PBP6B6B80;BOSCH;CUISSON;Plaque gaz;269;2.39;;P;L;123.71;9;0;0;112.58;122.3;4242002832920;
PCP6A5B90;BOSCH;CUISSON;Plaque gaz;409;1.81;CTM;P;;248.32;9;0;0;225.97;248.29;4242002837468;
PPQ7A6B20;BOSCH;CUISSON;Plaque gaz;749;2.22;;P;R;371.05;9;0;0;337.66;366.83;4242002802725;
PCP6A5B80;BOSCH;CUISSON;Plaque gaz;349;1.81;CTM;P;;211.98;9;0;0;192.9;211.95;4242002914268;
PVS631BB1E;BOSCH;CUISSON;Plaque induction;679;2.28;;P;;327.58;9;0;0;298.1;323.85;4242002861722;
PXJ631FC1E;BOSCH;CUISSON;Plaque induction;779;2.16;;P;R;396.09;9;0;0;360.44;391.59;4242002870984;
PXY631DE3E;BOSCH;CUISSON;Plaque induction;1309;1.81;CTM;P;;793.42;9;0;0;722.01;793.31;4242002942216;
PUJ631BB1E;BOSCH;CUISSON;Plaque induction;519;2.43;;P;O;234.64;9;0;0;213.52;231.97;4242002870717;
PIB375FB1E;BOSCH;CUISSON;Plaque induction;699;1.81;CTM;P;;423.95;9;0;0;385.79;423.89;4242002848631;
PXE831FC1E;BOSCH;CUISSON;Plaque induction;1099;2.13;;P;R;565.78;9;0;0;514.86;559.35;4242002942155;
PXX631DC1E;BOSCH;CUISSON;Plaque induction;1109;1.87;CTM;P;;652.94;9;0;0;594.18;665.48;4242002942193;
PXE631FC1E;BOSCH;CUISSON;Plaque induction;799;2.32;;P;R;378.31;9;0;0;344.26;374;4242002870953;
PXX375FB1E;BOSCH;CUISSON;Plaque induction;899;1.81;CTM;P;;545.09;9;0;0;496.03;545;4242002839738;
PVQ611BB5E;BOSCH;CUISSON;Plaque induction;719;2.45;;P;R;322.68;9;0;0;293.64;319.01;4242005088225;
PXV875DV1E;BOSCH;CUISSON;Plaque induction;1309;1.81;CTM;P;;793.42;9;0;0;722.01;793.31;4242002944289;
PVJ631BB1E;BOSCH;CUISSON;Plaque induction;669;2.25;;P;R;326.5;9;0;0;297.11;322.78;4242002870762;
PXE651FC1E;BOSCH;CUISSON;Plaque induction;789;2.34;;P;;371.13;9;0;0;337.73;478.4;4242002848822;
PVS631BB5E;BOSCH;CUISSON;Plaque induction;679;2.28;;P;L;327.58;9;0;0;298.1;323.85;4242005088706;
PUE631BB1E;BOSCH;CUISSON;Plaque induction;549;2.32;;P;R;260.39;9;0;0;236.95;257.42;4242002983004;
PXE631DE3E;BOSCH;CUISSON;Plaque induction;1009;1.87;CTM;P;;594.11;9;0;0;540.64;605.52;4242002953434;
PIJ631FB1E;BOSCH;CUISSON;Plaque induction;619;2.33;;P;L;291.8;9;0;0;265.54;288.49;4242002945675;
PUC651BB1E;BOSCH;CUISSON;Plaque induction;529;2.34;$0;P;R;248.55;9;0;0;226.18;245.73;4242002982977;
PXC275FC1E;BOSCH;CUISSON;Plaque induction;1419;2.01;;P;;776.65;9;0;0;706.75;767.82;4242002854472;
PIJ633FB1E;BOSCH;CUISSON;Plaque induction;649;2.42;;P;R;294.79;9;0;0;268.26;291.44;4242002945699;
PVW851FB1E;BOSCH;CUISSON;Plaque induction;1019;1.87;CTM;P;;599.99;9;0;0;545.99;611.51;4242002870861;
PIE631FB1E;BOSCH;CUISSON;Plaque induction;629;2.24;;P;R;308.6;9;0;0;280.83;305.1;4242002870281;
PVS851FC1E;BOSCH;CUISSON;Plaque induction;909;1.81;CTM;P;;551.15;9;0;0;501.55;551.07;4242002942131;
PVS631FC1E;BOSCH;CUISSON;Plaque induction;709;1.87;CTM;P;;417.64;9;0;0;380.05;425.66;4242002942056;
PXY831DE3E;BOSCH;CUISSON;Plaque induction;1509;2.17;;P;R;765.4;9;0;0;696.51;756.69;4242002942230;
PKM645B17E;BOSCH;CUISSON;Plaque vitrocéramique;289;2.14;$1;P;;148.18;9;0;0;134.84;146.5;4242002723976;
PKK631B17E;BOSCH;CUISSON;Plaque vitrocéramique;379;2.43;;P;;171.5;9;0;0;156.06;169.55;4242002726458;
PKF645B17E;BOSCH;CUISSON;Plaque vitrocéramique;379;2.38;;P;;174.8;9;0;0;159.07;172.82;4242002717029;
PKE611FN1E;BOSCH;CUISSON;Plaque vitrocéramique;369;2.25;;P;R;180.6;9;0;0;164.35;178.54;4242002940267;
PKF375FP1E;BOSCH;CUISSON;Plaque vitrocéramique;599;1.81;CTM;P;;363.39;9;0;0;330.68;363.34;4242002938141;
PKE645CA1E;BOSCH;CUISSON;Plaque vitrocéramique;359;1.81;CTM;P;;218.03;9;0;0;198.41;218;4242002936567;
GSN58VW30;BOSCH;FROID;Congélateur armoire;1079;2.26;;P;;524.46;9;0;0;477.26;518.49;4242002863825;
GSV36VWEV;BOSCH;FROID;Congélateur armoire;819;2.26;;P;R;397.5;9;0;0;361.72;392.99;4242005142972;
GSN58AW35;BOSCH;FROID;Congélateur armoire;1099;2.3;;P;;524.46;9;0;0;477.26;518.49;4242005102082;
GSN29CW3V;BOSCH;FROID;Congélateur armoire;819;2.28;$0;P;B;395.31;9;0;0;359.73;390.81;4242005051977;
GSV33VWEV;BOSCH;FROID;Congélateur armoire;769;2.26;;P;R;373.21;9;0;0;339.62;368.96;4242005142569;
GSN54AW35;BOSCH;FROID;Congélateur armoire;1019;2.1;;P;;532.99;9;0;0;485.02;526.93;4242005103706;
GSN33CW3V;BOSCH;FROID;Congélateur armoire;869;2.27;$0;P;L;420.53;9;0;0;382.68;415.74;4242005052691;
GSV29VWEV;BOSCH;FROID;Congélateur armoire;729;2.23;;P;R;358.86;9;0;0;326.56;354.77;4242005142552;
GSN51AW31;BOSCH;FROID;Congélateur armoire;989;2.16;;P;;502.83;9;0;0;457.58;497.1;4242002871813;
GSN36CW3V;BOSCH;FROID;Congélateur armoire;919;2.18;;P;R;462.37;9;0;0;420.76;457.11;4242005055258;
GSN33VW3P;BOSCH;FROID;Congélateur armoire;849;2.17;$1;P;R;430.53;9;0;0;391.78;425.63;4242005063819;
GSN29UW3V;BOSCH;FROID;Congélateur armoire;799;2.21;$1;P;R;397.58;9;0;0;361.8;393.06;4242005051946;
GUD15A50;BOSCH;FROID;Congélateur armoire intégrable;849;2.07;;P;;451.2;9;0;0;410.59;446.06;4242002716589;
GID18A20;BOSCH;FROID;Congélateur armoire intégrable;749;1.81;CTM;P;;454.24;9;0;0;413.36;454.17;4242002422480;
KUR15A60;BOSCH;FROID;Petit réfrigérateur intégrable;719;2.2;;P;R;358.87;9;0;0;326.57;354.78;4242002690186;
KIL18V20FF;BOSCH;FROID;Petit réfrigérateur intégrable;599;2.36;;P;R;278.56;9;0;0;253.49;275.39;4242002514932;
KIR18V20FF;BOSCH;FROID;Petit réfrigérateur intégrable;569;2.24;;P;L;278.56;9;0;0;253.49;275.39;4242002514949;
KUL15A60;BOSCH;FROID;Petit réfrigérateur intégrable;749;1.81;CTM;P;;454.24;9;0;0;413.36;454.17;4242002690179;
KSV29VL3P;BOSCH;FROID;Réfrigérateur 1 porte;719;2.2;;P;R;359.48;9;0;0;327.13;355.4;4242005049097;
KSV36VL3P;BOSCH;FROID;Réfrigérateur 1 porte;919;2.24;;P;R;451.36;9;0;0;410.74;446.23;4242005062126;
KSV36CL3P;BOSCH;FROID;Réfrigérateur 1 porte;939;2.27;$0;P;L;453.6;9;0;0;412.78;448.45;4242005051670;
KSV33VW3P;BOSCH;FROID;Réfrigérateur 1 porte;769;2.22;;P;R;379.88;9;0;0;345.69;375.56;4242005026555;
KSV29VW3P;BOSCH;FROID;Réfrigérateur 1 porte;659;2.26;$0;P;O;320.21;9;0;0;291.39;316.57;4242005026517;
KIL24X30;BOSCH;FROID;Réfrigérateur 1pte intégrable;649;2.31;;P;R;308.15;9;0;0;280.42;304.65;4242002752365;
KIL24V21FF;BOSCH;FROID;Réfrigérateur 1pte intégrable;599;2.38;;P;L;276.04;9;0;0;251.2;272.9;4242002514208;
KIR81VS30;BOSCH;FROID;Réfrigérateur 1pte intégrable;849;2.09;$0;P;R;446.95;9;0;0;406.72;441.86;4242002877495;
KIR81AF30;BOSCH;FROID;Réfrigérateur 1pte intégrable;999;2.2;;P;R;499.09;9;0;0;454.17;493.4;4242002711270;
KIR41AF30;BOSCH;FROID;Réfrigérateur 1pte intégrable;749;2.24;;P;R;367.69;9;0;0;334.6;363.51;4242002735252;
KIR24X30;BOSCH;FROID;Réfrigérateur 1pte intégrable;619;2.21;;P;R;308.15;9;0;0;280.42;304.65;4242002752372;
KIR24V21FF;BOSCH;FROID;Réfrigérateur 1pte intégrable;569;2.27;;P;R;276.04;9;0;0;251.2;272.9;4242002514215;
KIL82VS30;BOSCH;FROID;Réfrigérateur 1pte intégrable;879;2.16;;P;R;446.95;9;0;0;406.72;441.86;4242002877501;
KIL82AF30;BOSCH;FROID;Réfrigérateur 1pte intégrable;1029;2.24;;P;R;505.15;9;0;0;459.69;499.41;4242002734606;
KIL72AF30;BOSCH;FROID;Réfrigérateur 1pte intégrable;949;2.19;;P;R;476.94;9;0;0;434.02;471.51;4242002730523;
KIR24V24FF;BOSCH;FROID;Réfrigérateur 1pte intégrable;569;1.81;CTM;P;;345.22;9;0;0;314.15;345.17;4242002844886;
KIL42AF30;BOSCH;FROID;Réfrigérateur 1pte intégrable;779;2.33;;P;R;367.69;9;0;0;334.6;363.51;4242002735016;
KDV47VL30;BOSCH;FROID;Réfrigérateur 2ptes;879;2.24;;P;R;431.01;9;0;0;392.22;426.1;4242002648729;
KDV29VW30;BOSCH;FROID;Réfrigérateur 2ptes;629;2.25;;P;L;306.75;9;0;0;279.14;303.26;4242002620060;
KDV33VL32;BOSCH;FROID;Réfrigérateur 2ptes;719;2.27;;P;R;347.8;9;0;0;316.5;343.85;4242002815398;
KDV29VL30;BOSCH;FROID;Réfrigérateur 2ptes;669;2.28;;P;;322.99;9;0;0;293.92;441.02;4242002632148;
KDN32X45;BOSCH;FROID;Réfrigérateur 2ptes;849;2.06;;P;;453.61;9;0;0;412.79;448.45;4242002670492;
KDV33VW32;BOSCH;FROID;Réfrigérateur 2ptes;669;2.27;;P;L;323.2;9;0;0;294.11;319.51;4242002816128;
KID26V21IE;BOSCH;FROID;Réfrigérateur 2ptes intégrable;719;2.13;;P;;371.58;9;0;0;338.14;367.35;4242002533940;
KID28V20FF;BOSCH;FROID;Réfrigérateur 2ptes intégrable;779;2.22;;P;L;384.93;9;0;0;350.29;380.55;4242002660561;
KAG90AI20;BOSCH;FROID;Réfrigérateur américain;1999;1.67;;P;;1316.66;9;0;0;1198.16;1031.43;4242002816883;
KAN92VI35;BOSCH;FROID;Réfrigérateur américain;1799;2.32;;P;R;850.52;9;0;0;773.97;863.13;4242002811215;
KAD90VI30;BOSCH;FROID;Réfrigérateur américain;2299;2.21;;P;R;1142.05;9;0;0;1039.27;1129.06;4242002817415;
KIV34X20;BOSCH;FROID;Réfrigérateur combi intégrable;829;1.81;CTM;P;;502.7;9;0;0;457.46;502.63;4242002635699;
KIV86VS30;BOSCH;FROID;Réfrigérateur combi intégrable;899;2.18;;P;R;452.72;9;0;0;411.98;447.57;4242002839523;
KIV38V20FF;BOSCH;FROID;Réfrigérateur combi intégrable;819;2.19;;P;R;410.96;9;0;0;373.97;406.28;4242002640488;
KIV28V20FF;BOSCH;FROID;Réfrigérateur combi intégrable;779;2.17;;P;R;393.95;9;0;0;358.49;389.47;4242002661537;
KIN86VS30;BOSCH;FROID;Réfrigérateur combi intégrable;1199;2.14;;P;R;616.29;9;0;0;560.82;609.29;4242002838946;
KIV34V21FF;BOSCH;FROID;Réfrigérateur combi intégrable;819;2.25;;P;L;399.7;9;0;0;363.73;395.16;4242002521930;
KGN36NW30;BOSCH;FROID;Réfrigérateur combiné;699;2.14;$1;P;;359.51;9;0;0;327.15;355.42;4242002853536;
KGV36VB32S;BOSCH;FROID;Réfrigérateur combiné;799;2.14;;P;R;410.87;9;0;0;373.89;406.2;4242002799346;
KGN36NL30;BOSCH;FROID;Réfrigérateur combiné;769;2.19;;P;;385.19;9;0;0;350.52;380.81;4242002841809;
KGV33VW31S;BOSCH;FROID;Réfrigérateur combiné;619;2.26;;P;R;301.65;9;0;0;274.5;298.22;4242002800844;
KGN36IJ3A;BOSCH;FROID;Réfrigérateur combiné;999;2.07;$1 retiré du site l;P;;530;9;0;0;482.3;523.97;4242002961590;
KGN39LM35;BOSCH;FROID;Réfrigérateur combiné;1349;2.11;$1;P;R;702.37;9;0;0;639.16;694.38;4242002880501;
KGN33NL30;BOSCH;FROID;Réfrigérateur combiné;699;1.87;;P;;410.46;9;0;0;373.52;405.79;4242002878706;
KGN36VL35;BOSCH;FROID;Réfrigérateur combiné;869;2.16;$0;P;R;441.98;9;0;0;402.2;436.96;4242002878768;
KGV58VL31S;BOSCH;FROID;Réfrigérateur combiné;1029;2.28;;P;L;496.87;9;0;0;452.15;491.21;4242002800301;
KGV33VL31S;BOSCH;FROID;Réfrigérateur combiné;669;2.27;;P;L;323.2;9;0;0;294.11;319.51;4242002800837;
KGN49XL30;BOSCH;FROID;Réfrigérateur combiné;1099;2.16;$0;P;L;560;9;0;0;509.6;553.63;4242002942728;
KGV39VW32S;BOSCH;FROID;Réfrigérateur combiné;729;2.19;;P;;365.9;9;0;0;332.97;361.74;4242002899237;
KGN39VI35;BOSCH;FROID;Réfrigérateur combiné;979;2.2;;P;L;487.91;9;0;0;444;482.36;4242002852997;
KGN39VW35;BOSCH;FROID;Réfrigérateur combiné;879;2.08;;P;;464.95;9;0;0;423.1;459.67;4242002872483;
KGN36VW3A;BOSCH;FROID;Réfrigérateur combiné;819;2.16;;P;;416.85;9;0;0;379.33;412.1;4242002972985;
KGV39VL31S;BOSCH;FROID;Réfrigérateur combiné;769;2.22;;P;R;379.9;9;0;0;345.71;375.57;4242002798967;
KGV36VW32S;BOSCH;FROID;Réfrigérateur combiné;669;2.28;;P;O;321.83;9;0;0;292.87;318.17;4242002799629;
KGN36VL3A;BOSCH;FROID;Réfrigérateur combiné;869;2.16;$0;P;;441.98;9;0;0;402.2;436.96;4242002973012;
KGV36VL32S;BOSCH;FROID;Réfrigérateur combiné;729;2.31;;P;R;346.72;9;0;0;315.52;342.78;4242002799612;
WVH28463FF;BOSCH;LAVAGE;Lavante séchante hublot;1249;2.4;;P;;571.03;9;0;0;519.64;564.54;4242005095445;
WVG30462FF;BOSCH;LAVAGE;Lavante séchante hublot;969;2.18;;P;R;487.63;9;0;0;443.74;482.08;4242005063925;
WKD28541FF;BOSCH;LAVAGE;Lavante séchante intégrable;1399;2.08;;P;;740.3;9;0;0;673.67;731.89;4242002877457;
WAT28619FF;BOSCH;LAVAGE;Lave linge hublot pose libre;899;2.16;$0;P;;456.82;9;0;0;415.71;451.63;4242005026838;
WUQ28418FF;BOSCH;LAVAGE;Lave linge hublot pose libre;729;2.35;;P;L;340.21;9;0;0;309.59;338.72;4242005059676;
WAT28618FF;BOSCH;LAVAGE;Lave linge hublot pose libre;859;1.89;$1;P;;500;9;0;0;455;494.31;4242005160549;
WUQ24408FF;BOSCH;LAVAGE;Lave linge hublot pose libre;669;2.27;;P;L;323.38;9;0;0;294.28;319.7;4242005053520;
WAE24071FF;BOSCH;LAVAGE;Lave linge hublot pose libre;349;1.57;;P;;245;9;0;0;222.95;242.21;4242002809045;
WAT32409FF;BOSCH;LAVAGE;Lave linge hublot pose libre;899;2.18;;P;L;453.61;9;0;0;412.79;448.45;4242005055326;
WAB24211FF;BOSCH;LAVAGE;Lave linge hublot pose libre;479;2.3;;P;;229.07;9;0;0;208.45;226.46;4242002805535;
WAT28419FF;BOSCH;LAVAGE;Lave linge hublot pose libre;799;2.23;;P;R;393.03;9;0;0;357.66;388.56;4242005038213;
WAN24200FF;BOSCH;LAVAGE;Lave linge hublot pose libre;599;2.31;;P;R;284.96;9;0;0;259.31;281.71;4242002899428;
WAE28217FF;BOSCH;LAVAGE;Lave linge hublot pose libre;519;2.24;;P;R;254.18;9;0;0;231.3;251.29;4242002952536;
WAN28066FF;BOSCH;LAVAGE;Lave linge hublot pose libre;619;2.36;;P;O;288.63;9;0;0;262.65;285.34;4242002911953;
WAN28065FF;BOSCH;LAVAGE;Lave linge hublot pose libre;579;2.35;;P;O;270.34;9;0;0;246.01;267.27;4242002899459;
WLG24260FF;BOSCH;LAVAGE;Lave linge hublot pose libre;699;2.1;;P;;365.2;9;0;0;332.33;361.05;4242005086245;
WAWH2660FF;BOSCH;LAVAGE;Lave linge hublot pose libre;1199;2.41;;P;;547.81;9;0;0;498.51;541.59;4242002899954;
WIW28340FF;BOSCH;LAVAGE;Lave linge intégrable;999;2.17;;P;R;506.06;9;0;0;460.51;500.3;4242002958651;
WIA24201FF;BOSCH;LAVAGE;Lave linge intégrable;899;1.81;CTM;P;;545.09;9;0;0;496.03;545;4242002876696;
SPV25CX00E;BOSCH;LAVAGE;Lave vaisselle 45cm intégrable;599;2.18;$0;P;L;301.54;9;0;0;274.4;298.11;4242005070701;
SPV66TX04E;BOSCH;LAVAGE;Lave vaisselle 45cm intégrable;899;2.08;;P;;474.04;9;0;0;431.38;468.65;4242005070893;
SPV46IX01E;BOSCH;LAVAGE;Lave vaisselle 45cm intégrable;799;2.1;;P;;417.44;9;0;0;379.87;412.7;4242005060078;
SPI25CW03E;BOSCH;LAVAGE;Lave vaisselle 45cm intégrable;659;2.1;;P;;344.58;9;0;0;313.57;340.67;4242005064373;
SPI25CS03E;BOSCH;LAVAGE;Lave vaisselle 45cm intégrable;699;2.1;;P;;365.47;9;0;0;332.58;361.3;4242005063963;
SPI25CS00E;BOSCH;LAVAGE;Lave vaisselle 45cm intégrable;599;2.11;;P;;311.6;9;0;0;283.56;308.06;4242005070718;
SPI25CB03E;BOSCH;LAVAGE;Lave vaisselle 45cm intégrable;659;2.1;;P;;344.58;9;0;0;313.57;340.67;4242005086924;
SKS51E26EU;BOSCH;LAVAGE;Lave vaisselle 45cm pose libre;449;2.1;;P;;235.01;9;0;0;213.86;232.32;4242002861210;
SPS25CI04E;BOSCH;LAVAGE;Lave vaisselle 45cm pose libre;599;2.22;;P;R;296.94;9;0;0;270.22;293.56;4242005068326;
SKS51E28EU;BOSCH;LAVAGE;Lave vaisselle 45cm pose libre;449;2.21;;P;R;223.45;9;0;0;203.34;220.91;4242002861227;
SKS51E22EU;BOSCH;LAVAGE;Lave vaisselle 45cm pose libre;429;2.22;;P;R;212.01;9;0;0;192.93;209.6;4242002861203;
SPS25CW00E;BOSCH;LAVAGE;Lave vaisselle 45cm pose libre;499;2.21;$0;P;O;248.35;9;0;0;226;245.53;4242005069729;
SPS46IW01E;BOSCH;LAVAGE;Lave vaisselle 45cm pose libre;599;2.19;$0;P;L;300.52;9;0;0;273.47;297.09;4242005070749;
SKS62E22EU;BOSCH;LAVAGE;Lave vaisselle 45cm pose libre;449;2.31;;P;L;214;9;0;0;194.74;211.57;4242002861234;
SMI88TS46E;BOSCH;LAVAGE;Lave vaisselle 60cm intégrable;1299;1.81;CTM;P;;787.36;9;0;0;716.5;787.24;4242002983097;
SMV46MX03E;BOSCH;LAVAGE;Lave vaisselle 60cm intégrable;779;2.31;;P;R;370.33;9;0;0;337;366.12;4242002953526;
SBV46CX00E;BOSCH;LAVAGE;Lave vaisselle 60cm intégrable;769;2.1;;P;;402.06;9;0;0;365.87;397.49;4242002983028;
SMI46AB01E;BOSCH;LAVAGE;Lave vaisselle 60cm intégrable;629;2.34;;P;R;295.2;9;0;0;268.63;291.84;4242005026296;
SMI68TS06E;BOSCH;LAVAGE;Lave vaisselle 60cm intégrable;1099;2.08;;P;;580;9;0;0;527.8;573.41;4242002959900;
SMV46IX05E;BOSCH;LAVAGE;Lave vaisselle 60cm intégrable;859;2.23;;P;R;422.53;9;0;0;384.5;417.72;4242002965017;
SMI68IS00E;BOSCH;LAVAGE;Lave vaisselle 60cm intégrable;899;1.81;CTM;P;;545.09;9;0;0;496.03;545;4242002984254;
SMV46IX03E;BOSCH;LAVAGE;Lave vaisselle 60cm intégrable;759;2.28;;P;R;365.96;9;0;0;333.02;361.79;4242002955520;
SMI46IW03E;BOSCH;LAVAGE;Lave vaisselle 60cm intégrable;789;1.81;CTM;P;;478.47;9;0;0;435.41;478.4;4242005028511;
SMV46AX01E;BOSCH;LAVAGE;Lave vaisselle 60cm intégrable;619;2.24;;P;R;303.3;9;0;0;276;299.85;4242002969411;
SMI46IS15E;BOSCH;LAVAGE;Lave vaisselle 60cm intégrable;869;2.26;;P;;422.53;9;0;0;384.5;417.72;4242005084241;
SMV46AX00E;BOSCH;LAVAGE;Lave vaisselle 60cm intégrable;579;2.2;;P;R;288.9;9;0;0;262.9;285.61;4242002969305;
SMV41D00EU;BOSCH;LAVAGE;Lave vaisselle 60cm intégrable;549;2.21;$0;P;O;272.79;9;0;0;248.24;269.68;4242002772677;
SMI46IB15E;BOSCH;LAVAGE;Lave vaisselle 60cm intégrable;819;2.21;;P;;407.68;9;0;0;370.99;403.04;4242005084234;
SMU46MS03E;BOSCH;LAVAGE;Lave vaisselle 60cm intégrable;899;2.18;$0;P;R;452.46;9;0;0;411.74;447.32;4242002953564;
SMI46JB03E;BOSCH;LAVAGE;Lave vaisselle 60cm intégrable;789;2.28;;P;O;380.41;9;0;0;346.17;376.08;4242005137206;
SMV88TX46E;BOSCH;LAVAGE;Lave vaisselle 60cm intégrable;1299;2.05;;P;;694.81;9;0;0;632.28;686.91;4242002983103;
SMI46IB03E;BOSCH;LAVAGE;Lave vaisselle 60cm intégrable;789;1.81;CTM;P;;478.47;9;0;0;435.41;478.4;4242005028528;
SMV46MX04E;BOSCH;LAVAGE;Lave vaisselle 60cm intégrable;889;2.48;;P;L;394.41;9;0;0;358.91;389.93;4242002965024;
SMI68MS07E;BOSCH;LAVAGE;Lave vaisselle 60cm intégrable;919;2.28;;P;R;442.27;9;0;0;402.47;437.24;4242002984261;
SMV68TX00E;BOSCH;LAVAGE;Lave vaisselle 60cm intégrable;999;2.12;;P;;517.53;9;0;0;470.95;511.64;4242002983080;
SMI46AW04E;BOSCH;LAVAGE;Lave vaisselle 60cm intégrable;679;1.81;CTM;P;;411.85;9;0;0;374.78;411.79;4242002994802;
SMV46GX01E;BOSCH;LAVAGE;Lave vaisselle 60cm intégrable;639;2.27;;P;L;309.6;9;0;0;281.74;306.07;4242002960173;
SMI46JW03E;BOSCH;LAVAGE;Lave vaisselle 60cm intégrable;789;2.28;;P;R;380.41;9;0;0;346.17;376.08;4242005132720;
SMV68IX00E;BOSCH;LAVAGE;Lave vaisselle 60cm intégrable;899;2.1;;P;;469.57;9;0;0;427.31;464.24;4242002960043;
SMI46AS04E;BOSCH;LAVAGE;Lave vaisselle 60cm intégrable;729;1.81;CTM;P;;442.13;9;0;0;402.34;442.06;4242002978574;
SMU25AS00E;BOSCH;LAVAGE;Lave vaisselle 60cm intégrable;599;2.18;;P;L;301.65;9;0;0;274.5;298.22;4242002958897;
SMI46IS03E;BOSCH;LAVAGE;Lave vaisselle 60cm intégrable;839;2.47;;P;R;373.4;9;0;0;339.79;369.15;4242002969268;
SMV50E60EU;BOSCH;LAVAGE;Lave vaisselle 60cm intégrable;539;1.81;CTM;P;;327.05;9;0;0;297.62;327;4242002638874;
SMV68TX06E;BOSCH;LAVAGE;Lave vaisselle 60cm intégrable;1109;2.2;;P;R;554;9;0;0;504.14;547.7;4242002957609;
SMI46AB04E;BOSCH;LAVAGE;Lave vaisselle 60cm intégrable;679;1.81;CTM;P;;411.85;9;0;0;374.78;411.79;4242005028474;
SMI46AW01E;BOSCH;LAVAGE;Lave vaisselle 60cm intégrable;629;2.31;;P;R;299.6;9;0;0;272.64;296.2;4242002996981;
SMV46AX04E;BOSCH;LAVAGE;Lave vaisselle 60cm intégrable;659;1.81;CTM;P;;399.73;9;0;0;363.75;399.67;4242002995045;
SMV68MX07E;BOSCH;LAVAGE;Lave vaisselle 60cm intégrable;939;2.25;;P;R;458.76;9;0;0;417.47;453.54;4242002983073;
SCE52M65EU;BOSCH;LAVAGE;Lave vaisselle 60cm intégrable;979;1.81;CTM;P;;593.55;9;0;0;540.13;593.45;4242002841656;
SMI46AS01E;BOSCH;LAVAGE;Lave vaisselle 60cm intégrable;679;2.26;;P;R;329.78;9;0;0;300.1;326.03;4242002996974;
SMS46IW01F;BOSCH;LAVAGE;Lave vaisselle 60cm pose libre;789;2.46;$1 SPE RESEAU;P;;352.03;9;0;0;320.35;348.03;4242005086177;
SMS46II19E;BOSCH;LAVAGE;Lave vaisselle 60cm pose libre;769;2.46;$0;P;;344.03;9;0;0;313.07;340.11;4242005084265;
SMS68MW05E;BOSCH;LAVAGE;Lave vaisselle 60cm pose libre;899;2.29;;P;L;431.7;9;0;0;392.85;426.79;4242005055012;
SMS46II17E;BOSCH;LAVAGE;Lave vaisselle 60cm pose libre;799;1.67;CTM;P;;526.66;9;0;0;479.26;526.58;4242005084258;
SMS25DW00E;BOSCH;LAVAGE;Lave vaisselle 60cm pose libre;649;2.32;;P;L;307.89;9;0;0;280.18;304.38;4242005153619;
SMS46KW08E;BOSCH;LAVAGE;Lave vaisselle 60cm pose libre;599;2.42;$1;P;B;272.16;9;0;0;247.67;269.07;4242005178940;
SMS25GW02E;BOSCH;LAVAGE;Lave vaisselle 60cm pose libre;559;2.38;;P;O;258.43;9;0;0;235.17;255.49;4242002976716;
SMS46IB17E;BOSCH;LAVAGE;Lave vaisselle 60cm pose libre;799;2.21;;P;;396.64;9;0;0;360.94;392.12;4242005086153;
SMS25AW00F;BOSCH;LAVAGE;Lave vaisselle 60cm pose libre;509;2.35;;P;L;238;9;0;0;216.58;235.29;4242005036301;
SMS25CW00E;BOSCH;LAVAGE;Lave vaisselle 60cm pose libre;649;2.42;;P;;294.78;9;0;0;268.25;291.42;4242002969282;
SMS25AI00E;BOSCH;LAVAGE;Lave vaisselle 60cm pose libre;599;2.23;;P;L;294.79;9;0;0;268.26;291.44;4242002967684;
SMS46JI17E;BOSCH;LAVAGE;Lave vaisselle 60cm pose libre;799;2.18;;P;R;403.39;9;0;0;367.08;398.8;4242005160419;
SMS46JB17E;BOSCH;LAVAGE;Lave vaisselle 60cm pose libre;799;2.21;;P;R;396.64;9;0;0;360.94;392.12;4242005153596;
SMS25AI04E;BOSCH;LAVAGE;Lave vaisselle 60cm pose libre;639;2.26;;P;R;310.06;9;0;0;282.15;306.53;4242005030606;
SMS68TW16E;BOSCH;LAVAGE;Lave vaisselle 60cm pose libre;1099;2.13;;P;;567.01;9;0;0;515.98;560.56;4242002967059;
SMS46KW07E;BOSCH;LAVAGE;Lave vaisselle 60cm pose libre;599;2.44;;P;;270.21;9;0;0;245.89;267.14;4242005032952;
WTN85207FF;BOSCH;LAVAGE;Sèche linge hublot condensatio;589;2.23;;P;R;290.88;9;0;0;264.7;287.57;4242005177363;
WTN85201FF;BOSCH;LAVAGE;Sèche linge hublot condensatio;629;2.25;;P;R;306.87;9;0;0;279.25;303.37;4242002938363;
WTN85200FF;BOSCH;LAVAGE;Sèche linge hublot condensatio;589;2.36;;P;;274.1;9;0;0;249.43;270.98;4242002938349;
WTG86409FF;BOSCH;LAVAGE;Sèche linge hublot condensatio;669;2.3;;P;;319.78;9;0;0;291;316.14;4242005055425;
WTA73200FF;BOSCH;LAVAGE;Sèche linge hublot évacuation;529;2.31;;P;L;251.26;9;0;0;228.65;248.4;4242002937984;
WTW87499FF;BOSCH;LAVAGE;Sèche linge pompe à chaleur;1029;2.22;;P;R;510.31;9;0;0;464.38;504.5;4242005060122;
WTW85460FF;BOSCH;LAVAGE;Sèche linge pompe à chaleur;929;2.18;;P;R;468.69;9;0;0;426.51;463.36;4242005129591;
WTR85V02FF;BOSCH;LAVAGE;Sèche linge pompe à chaleur;829;2.34;;P;;388.94;9;0;0;353.94;384.52;4242005199747;
WTR85V01FF;BOSCH;LAVAGE;Sèche linge pompe à chaleur;829;2.34;$0;P;;388.94;9;0;0;353.94;384.52;4242005120765;
TSM6A013B;BOSCH;PETIT MENAGER;Accessoires petit déjeuner;29.99;2.26;$0;P;O;13.36;0.5;0;0;13.29;14.96;4242005108787;
MFQ2520B;BOSCH;PETIT MENAGER;Batteur/mixeur;59.9;1.76;$0;P;L;34.11;0.5;0;0;33.94;35.37;4242005080878;
MFQ3030;BOSCH;PETIT MENAGER;Batteur/mixeur;29.99;2;;P;R;15.04;0.5;0;0;14.96;15.59;4242002439853;
MSM87165;BOSCH;PETIT MENAGER;Batteur/mixeur;109;1.8;;P;;61.03;0.5;0;0;60.72;63.29;4242002764306;
MFQ3010;BOSCH;PETIT MENAGER;Batteur/mixeur;24.99;1.96;$0;P;O;12.83;0.5;0;0;12.77;13.31;4242002439808;
MSM6250;BOSCH;PETIT MENAGER;Batteur/mixeur;29.9;1.85;;P;;16.25;0.5;0;0;16.17;16.86;4242002358895;
MSM6150;BOSCH;PETIT MENAGER;Batteur/mixeur;22.9;1.85;;P;;12.46;0.5;0;0;12.4;12.92;4242002358888;
MSM87110;BOSCH;PETIT MENAGER;Batteur/mixeur;69.99;1.83;;P;R;38.38;0.5;0;0;38.19;39.8;4242002764184;
MSM2413V;BOSCH;PETIT MENAGER;Batteur/mixeur;44.99;1.71;;P;;26.49;0.5;0;0;26.36;27.47;4242002909301;
MSM66146;BOSCH;PETIT MENAGER;Batteur/mixeur;79.9;1.87;;P;R;42.9;0.5;0;0;42.69;44.49;4242002860602;
MSM66110;BOSCH;PETIT MENAGER;Batteur/mixeur;41.99;2.01;G;P;R;20.94;0.5;0;0;20.84;21.71;4242002678160;
MSM24100;BOSCH;PETIT MENAGER;Batteur/mixeur;25.99;1.64;G;P;R;15.89;0.5;0;0;15.81;16.48;4242002941554;
MSM14100;BOSCH;PETIT MENAGER;Batteur/mixeur;23.99;1.96;G;P;R;12.33;0.5;0;0;12.27;12.78;4242002917269;
MFQ4020;BOSCH;PETIT MENAGER;Batteur/mixeur;49.99;1.91;;P;R;26.3;0.5;0;0;26.17;27.28;4242002556833;
MFQ36470;BOSCH;PETIT MENAGER;Batteur/mixeur;42.99;1.59;;P;R;27.21;0.5;0;0;27.07;28.2;4242002723105;
MMBH6P6B;BOSCH;PETIT MENAGER;Blender;399;1.93;;P;R;207.37;0.5;0;0;206.33;215.04;4242002997575;
MMB42G0B;BOSCH;PETIT MENAGER;Blender;89.9;1.76;;P;R;51.26;0.5;0;0;51;53.17;4242002855356;
TWK6A014;BOSCH;PETIT MENAGER;Bouilloire;39.99;1.92;;P;R;20.99;0.5;0;0;20.88;21.76;4242002880273;
TWK7604;BOSCH;PETIT MENAGER;Bouilloire;29.99;1.83;;P;;16.51;0.5;0;0;16.43;17.12;4242002779027;
TWK6A011;BOSCH;PETIT MENAGER;Bouilloire;39.99;1.92;;P;R;20.99;0.5;0;0;20.88;21.76;4242002880211;
TWK7801;BOSCH;PETIT MENAGER;Bouilloire;54.99;1.86;;P;R;29.71;0.5;0;0;29.56;30.82;4242002697772;
TWK7603;BOSCH;PETIT MENAGER;Bouilloire;29.99;1.83;;P;R;16.51;0.5;0;0;16.43;17.12;4242002824147;
TWK6A013;BOSCH;PETIT MENAGER;Bouilloire;39.99;1.92;;P;L;20.99;0.5;0;0;20.88;21.76;4242002880242;
TWK7601;BOSCH;PETIT MENAGER;Bouilloire;29.99;1.83;;P;R;16.51;0.5;0;0;16.43;17.12;4242002732985;
TWK7S05;BOSCH;PETIT MENAGER;Bouilloire;69.9;1.65;;P;;42.55;0.5;0;0;42.34;44.13;4242002909073;
TKA8631;BOSCH;PETIT MENAGER;Cafetière-filtre;109;1.9;;P;R;57.7;0.5;0;0;57.41;59.84;4242002594972;
TKA6A643;BOSCH;PETIT MENAGER;Cafetière-filtre;54.99;1.87;;P;R;29.56;0.5;0;0;29.41;30.66;4242002874531;
TKA6A044;BOSCH;PETIT MENAGER;Cafetière-filtre;45.99;1.92;G;P;R;24.13;0.5;0;0;24.01;25.03;4242002874401;
TKA6A041;BOSCH;PETIT MENAGER;Cafetière-filtre;45.99;1.92;G;P;R;24.13;0.5;0;0;24.01;25.03;4242002874340;
TKA6A043;BOSCH;PETIT MENAGER;Cafetière-filtre;45.99;1.92;G$0;P;L;24.13;0.5;0;0;24.01;25.03;4242002874371;
TDS4040;BOSCH;PETIT MENAGER;Centrale vapeur;179;1.84;;P;R;97.91;0.5;0;0;97.42;101.55;4242005060528;
TDS6150;BOSCH;PETIT MENAGER;Centrale vapeur;199;1.84;;P;O;108.8;0.5;0;0;108.26;112.82;4242005093069;
TDS4020;BOSCH;PETIT MENAGER;Centrale vapeur;169;1.79;;P;R;95.09;0.5;0;0;94.61;98.62;4242005060511;
TDS2170;BOSCH;PETIT MENAGER;Centrale vapeur;149;1.84;;P;R;81.6;0.5;0;0;81.19;84.63;4242005039562;
TDS2110;BOSCH;PETIT MENAGER;Centrale vapeur;119;1.78;;P;R;67.14;0.5;0;0;66.8;69.63;4242005039289;
TDS8030;BOSCH;PETIT MENAGER;Centrale vapeur;279;1.84;$0 G;P;L;152.31;0.5;0;0;151.55;157.95;4242005032051;
TDS8060;BOSCH;PETIT MENAGER;Centrale vapeur;349;1.75;;P;;200.63;0.5;0;0;199.63;208.07;4242005032297;
TDS8080;BOSCH;PETIT MENAGER;Centrale vapeur;349;1.84;;P;R;190.39;0.5;0;0;189.44;192.82;4242005032310;
TDS4070;BOSCH;PETIT MENAGER;Centrale vapeur;199;1.64;;P;;121.6;0.5;0;0;120.99;126.11;4242005060542;
TDS8040;BOSCH;PETIT MENAGER;Centrale vapeur;299;1.84;$0 G;P;R;163.19;0.5;0;0;162.37;169.23;4242005032273;
MESM731M;BOSCH;PETIT MENAGER;Centrifugeuse;229;1.86;;P;R;123.64;0.5;0;0;123.02;128.22;4242002974187;
MESM500W;BOSCH;PETIT MENAGER;Centrifugeuse;159;1.49;$0 G;P;R;107.52;0.5;0;0;106.98;111.5;4242002956015;
TI351209RW;BOSCH;PETIT MENAGER;Expresso;699;1.85;;P;O;380.3;0.5;0;0;378.4;394.34;4242003848852;
TDA703021A;BOSCH;PETIT MENAGER;Fer vapeur;109;1.88;;P;R;58.18;0.5;0;0;57.89;60.34;4242002765273;
TDA2610;BOSCH;PETIT MENAGER;Fer vapeur;32.99;1.82;;P;R;18.24;0.5;0;0;18.15;18.92;4242002469492;
TDA1023010;BOSCH;PETIT MENAGER;Fer vapeur;42.99;1.78;;P;R;24.22;0.5;0;0;24.1;25.12;4242002777085;
TDA1024110;BOSCH;PETIT MENAGER;Fer vapeur;52.99;1.78;;P;;29.84;0.5;0;0;29.69;30.95;4242002777559;
TAT6A111;BOSCH;PETIT MENAGER;Grille pain/toaster;39.99;1.87;;P;R;21.5;0.5;0;0;21.39;22.29;4242002879475;
TAT6A004;BOSCH;PETIT MENAGER;Grille pain/toaster;39.99;1.67;G;P;R;24.13;0.5;0;0;24.01;25.03;4242002880150;
TAT6A001;BOSCH;PETIT MENAGER;Grille pain/toaster;45.99;1.92;G;P;R;24.13;0.5;0;0;24.01;25.03;4242002880099;
TAT6A003;BOSCH;PETIT MENAGER;Grille pain/toaster;39.99;1.67;G;P;L;24.13;0.5;0;0;24.01;25.03;4242002880129;
TAT8611;BOSCH;PETIT MENAGER;Grille pain/toaster;92.99;1.94;;P;R;48.11;0.5;0;0;47.87;49.89;4242002594934;
TAT6A803;BOSCH;PETIT MENAGER;Grille pain/toaster;64.9;1.91;;P;R;34.11;0.5;0;0;33.94;35.37;4242002880181;
TAT7S25;BOSCH;PETIT MENAGER;Grille pain/toaster;84.9;1.91;;P;;44.6;0.5;0;0;44.38;46.25;4242002909097;
TAT6A114;BOSCH;PETIT MENAGER;Grille pain/toaster;39.99;1.87;;P;R;21.5;0.5;0;0;21.39;22.29;4242002879932;
TAT6A113;BOSCH;PETIT MENAGER;Grille pain/toaster;39.99;1.87;;P;R;21.5;0.5;0;0;21.39;22.29;4242002879505;
MFW68640;BOSCH;PETIT MENAGER;Hachoir;214;1.9;;P;R;113.35;0.5;0;0;112.78;117.55;4242002770864;
MMR08R2;BOSCH;PETIT MENAGER;Hachoir;35.99;1.9;;P;;19.09;0.5;0;0;18.99;19.8;4242002742274;
TAS6004;BOSCH;PETIT MENAGER;Machine à dosette/capsule;119;1.81;;P;;65.91;0.5;0;0;65.58;68.37;4242002968995;
TAS6003;BOSCH;PETIT MENAGER;Machine à dosette/capsule;109;1.66;$0;P;;65.91;0.5;0;0;65.58;68.35;4242002968971;
TAS6002;BOSCH;PETIT MENAGER;Machine à dosette/capsule;119;1.81;;P;;65.91;0.5;0;0;65.58;68.37;4242002968957;
TAS3205;BOSCH;PETIT MENAGER;Machine à dosette/capsule;99;1.78;;P;;55.9;0.5;0;0;55.62;57.97;4242002773186;
TAS3204;BOSCH;PETIT MENAGER;Machine à dosette/capsule;99;1.78;;P;;55.9;0.5;0;0;55.62;57.97;4242002855080;
TAS3203;BOSCH;PETIT MENAGER;Machine à dosette/capsule;99;1.78;;P;;55.9;0.5;0;0;55.62;57.97;4242002773155;
TAS3202;BOSCH;PETIT MENAGER;Machine à dosette/capsule;89.99;1.62;$0;P;;55.9;0.5;0;0;55.62;57.97;4242002772967;
MUC88B68FR;BOSCH;PETIT MENAGER;Mijoteur;329;1.94;;P;R;170.54;0.5;0;0;169.69;156.38;4242002947105;
MUC28B64FR;BOSCH;PETIT MENAGER;Mijoteur;189;2;;P;R;95.08;0.5;0;0;94.6;98.6;4242002935621;
MCP72GPB;BOSCH;PETIT MENAGER;Presse agrume/jus;99;1.85;$0;P;L;53.75;0.5;0;0;53.48;55.74;4242002996776;
MCP3000;BOSCH;PETIT MENAGER;Presse agrume/jus;26.99;1.86;;P;;14.59;0.5;0;0;14.52;15.13;4242002329383;
MUM50123;BOSCH;PETIT MENAGER;Robot multifonctions;279;2.12;;P;R;132.42;0.5;0;0;131.76;137.33;4242002904047;
MCM3100W;BOSCH;PETIT MENAGER;Robot multifonctions;69.99;1.77;G;P;R;39.83;0.5;0;0;39.63;41.3;4242002853314;
MC812W501;BOSCH;PETIT MENAGER;Robot multifonctions;179;1.66;;P;R;108.05;0.5;0;0;107.51;112.06;4242005109678;
MCM4100;BOSCH;PETIT MENAGER;Robot multifonctions;99.99;1.92;G;P;L;52.41;0.5;0;0;52.15;54.32;4242002542751;
MUM9Y35S12;BOSCH;PETIT MENAGER;Robot multifonctions;549;1.81;;P;;304.41;0.5;0;0;302.89;315.69;4242002957937;
MUM58243;BOSCH;PETIT MENAGER;Robot multifonctions;329;1.59;;P;;208.46;0.5;0;0;207.42;216.19;4242002903965;
MCM4200;BOSCH;PETIT MENAGER;Robot multifonctions;154;1.94;PRODUIT SPOT;;;79.77;0.5;0;0;79.37;0;4242002542768;
MC812M844;BOSCH;PETIT MENAGER;Robot multifonctions;249;1.67;;P;;150.02;0.5;0;0;149.27;155.58;4242005109340;
MUM58L20;BOSCH;PETIT MENAGER;Robot pâtissier;279;1.57;G;P;R;178.18;0.5;0;0;177.29;184.78;4242002879642;
GC+5BOSCUIEN;BOSCH;PRESTATIONS;EXTENSION DE GARANTIE;108;1.88;;P;;63;9;0;0;57.33;64;;
GC+5BOSPINEN;BOSCH;PRESTATIONS;EXTENSION DE GARANTIE;108;1.88;;P;;63;9;0;0;57.33;64;;
GC+5BOSCUI;BOSCH;PRESTATIONS;EXTENSION DE GARANTIE;108;1.88;;P;;63;9;0;0;57.33;64;;
GC+5BOSPGAZEN;BOSCH;PRESTATIONS;EXTENSION DE GARANTIE;108;1.88;;P;;63;9;0;0;57.33;64;;
GC+5BOSCONGEN;BOSCH;PRESTATIONS;EXTENSION DE GARANTIE;108;1.88;;P;;63;9;0;0;57.33;64;;
GC+5BOSMOEN;BOSCH;PRESTATIONS;EXTENSION DE GARANTIE;108;1.88;;P;;63;9;0;0;57.33;64;;
GC+5BOSCONG;BOSCH;PRESTATIONS;EXTENSION DE GARANTIE;108;1.88;;P;;63;9;0;0;57.33;64;;
GC+5BOSMO;BOSCH;PRESTATIONS;EXTENSION DE GARANTIE;108;1.88;;P;;63;9;0;0;57.33;64;;
GC+5BOSCAV;BOSCH;PRESTATIONS;EXTENSION DE GARANTIE;108;1.88;;P;;63;9;0;0;57.33;64;;
GC+5BOSLVEN;BOSCH;PRESTATIONS;EXTENSION DE GARANTIE;108;1.88;;P;;63;9;0;0;57.33;64;;
GC+1BOSCONG;BOSCH;PRESTATIONS;EXTENSION DE GARANTIE;0;0;;P;;11.29;9;0;0;10.27;13.54;;
GC+5BOSLV;BOSCH;PRESTATIONS;EXTENSION DE GARANTIE;108;1.88;;P;;63;9;0;0;57.33;64;;
GC+5BOSREFUS;BOSCH;PRESTATIONS;EXTENSION DE GARANTIE;108;1.88;;P;;63;9;0;0;57.33;64;;
GC+5BOSLS;BOSCH;PRESTATIONS;EXTENSION DE GARANTIE;108;1.88;;P;;63;9;0;0;57.33;64;;
GC+5BOSREFEN;BOSCH;PRESTATIONS;EXTENSION DE GARANTIE;108;1.88;;P;;63;9;0;0;57.33;64;;
GC+5BOSLLSLEN;BOSCH;PRESTATIONS;EXTENSION DE GARANTIE;108;1.88;;P;;63;9;0;0;57.33;64;;
GC+5BOSREF;BOSCH;PRESTATIONS;EXTENSION DE GARANTIE;108;1.88;;P;;63;9;0;0;57.33;64;;
GC+5BOSLLSL;BOSCH;PRESTATIONS;EXTENSION DE GARANTIE;108;1.88;;P;;63;9;0;0;57.33;64;;
GC+5BOSPVITEN;BOSCH;PRESTATIONS;EXTENSION DE GARANTIE;108;1.88;;P;;63;9;0;0;57.33;64;;
GC+5BOSHOTEN;BOSCH;PRESTATIONS;EXTENSION DE GARANTIE;108;1.88;;P;;63;9;0;0;57.33;64;;
GC+5BOSPVEREN;BOSCH;PRESTATIONS;EXTENSION DE GARANTIE;108;1.88;;P;;63;9;0;0;57.33;64;;
N17HH10N0;NEFF;CUISSON;Autres;619;2.2;;P;;309.27;9;0;0;281.44;305.76;4242004184577;
C17MS32N0;NEFF;CUISSON;Four combi micro ondes;1589;2.14;CTM;P;;815.38;9;0;0;742;831.04;4242004182191;
C1APG64N0;NEFF;CUISSON;Four combi micro ondes;1529;2.24;;P;R;751.1;9;0;0;683.5;742.56;4242004222606;
C17MR02N0;NEFF;CUISSON;Four combi micro ondes;1189;2.24;;P;R;584.19;9;0;0;531.61;577.54;4242004182160;
L1ACH4MN0;NEFF;CUISSON;Four encastrable catalyse;1729;2.24;;P;R;849.28;9;0;0;772.84;839.62;4242004222453;
B3ACI5HN0;NEFF;CUISSON;Four encastrable manuel;1179;2.59;;P;;500.1;9;0;0;455.09;494.41;4242004225188;
C87FS32H0;NEFF;CUISSON;Four encastrable manuel;1989;2.24;;P;R;976.92;9;0;0;889;965.81;4242004235538;
B47CR32N0;NEFF;CUISSON;Four encastrable manuel;1019;2.24;$0;P;L;500.73;9;0;0;455.66;495.04;4242004177302;
B87CS34H0;NEFF;CUISSON;Four encastrable manuel;1609;2.24;;P;R;790.37;9;0;0;719.24;781.38;4242004235453;
B45CR22N0;NEFF;CUISSON;Four encastrable manuel;999;2.24;;P;R;490.91;9;0;0;446.73;485.33;4242004177272;
B3ACI5AN0;NEFF;CUISSON;Four encastrable manuel;969;2.24;;P;R;476.19;9;0;0;433.33;470.77;4242004225171;
B3ACE4AN0;NEFF;CUISSON;Four encastrable manuel;859;2.24;;P;R;422.18;9;0;0;384.18;417.38;4242004220510;
B1ACD5AN0;NEFF;CUISSON;Four encastrable manuel;669;2.24;;P;R;328.91;9;0;0;299.31;325.17;4242004225003;
B17CR32N1;NEFF;CUISSON;Four encastrable manuel;909;2.24;;P;R;446.73;9;0;0;406.52;441.65;4242004201984;
B87CS34N0;NEFF;CUISSON;Four encastrable manuel;1819;2.17;CTM;P;;920.35;9;0;0;837.52;920.21;4242004213932;
B47FS32N0;NEFF;CUISSON;Four encastrable manuel;1939;2.44;;P;;874.4;9;0;0;795.7;864.45;4242004181606;
B47CS34N0;NEFF;CUISSON;Four encastrable manuel;1099;1.76;CTM;P;;687.17;9;0;0;625.32;700.36;4242004181569;
B25CR22N1;NEFF;CUISSON;Four encastrable pyrolyse;999;2.24;$0;P;L;490.91;9;0;0;446.73;485.33;4242004199441;
B57CS24N0;NEFF;CUISSON;Four encastrable pyrolyse;1619;2.14;CTM;P;;830.76;9;0;0;755.99;846.71;4242004181927;
B55CR22N0;NEFF;CUISSON;Four encastrable pyrolyse;1219;2.24;;P;O;598.92;9;0;0;545.02;592.1;4242004181811;
B57CR25N0;NEFF;CUISSON;Four encastrable pyrolyse;1479;2.71;$1 Indisponible;P;;599.8;9;0;0;545.82;592.98;4242004181903;
B57CR22N0;NEFF;CUISSON;Four encastrable pyrolyse;1219;2.24;;P;;598.92;9;0;0;545.02;592.1;4242004177746;
B56VT64N0;NEFF;CUISSON;Four encastrable pyrolyse;2139;2.14;CTM;P;;1097.43;9;0;0;998.66;1118.5;4242004181880;
B55VS24N0;NEFF;CUISSON;Four encastrable pyrolyse;1939;2.14;CTM;P;;994.87;9;0;0;905.33;1013.97;4242004181873;
B55CS24N0;NEFF;CUISSON;Four encastrable pyrolyse;1569;2.64;;P;;652.58;9;0;0;593.85;645.16;4242004177715;
B27CS24N1;NEFF;CUISSON;Four encastrable pyrolyse;1239;2.24;;P;;606.5;9;0;0;551.91;599.6;4242004202424;
B58CT62H0;NEFF;CUISSON;Four encastrable pyrolyse;1609;2.24;;P;R;790.37;9;0;0;719.24;781.38;4242004235415;
B57CS24H0;NEFF;CUISSON;Four encastrable pyrolyse;1439;2.24;;P;R;706.92;9;0;0;643.3;698.88;4242004235385;
B2ACG7AN0;NEFF;CUISSON;Four encastrable pyrolyse;789;2.24;;P;R;387.82;9;0;0;352.92;383.41;4242004225072;
B58CT64N0;NEFF;CUISSON;Four encastrable pyrolyse;1819;2.14;CTM;P;;933.33;9;0;0;849.33;951.25;4242004182016;
B58VT68H0;NEFF;CUISSON;Four encastrable pyrolyse;1929;2.24;$0;P;L;947.47;9;0;0;862.2;936.69;4242004235446;
B27CR22N1;NEFF;CUISSON;Four encastrable pyrolyse;969;2.24;;P;R;476.19;9;0;0;433.33;470.77;4242004202417;
B57VS24H0;NEFF;CUISSON;Four encastrable pyrolyse;1929;2;CTM;P;;1059.91;9;0;0;964.52;1059.76;4242004235408;
C87FS32N0;NEFF;CUISSON;Four vapeur;2259;2.14;CTM;P;;1158.97;9;0;0;1054.66;1161.13;4242004213956;
B48FT78H0;NEFF;CUISSON;Four vapeur;2229;2.24;;P;R;1094.74;9;0;0;996.21;1082.29;4242004235354;
C18FT48N1;NEFF;CUISSON;Four vapeur;2419;2.33;CTM;P;;1141.55;9;0;0;1038.81;1141.38;4242004214137;
B47FS32H0;NEFF;CUISSON;Four vapeur;1719;2.24;;P;R;844.37;9;0;0;768.38;834.77;4242004235316;
C17DR00N0;NEFF;CUISSON;Four vapeur;1449;2.64;;P;;603.24;9;0;0;548.95;615.74;4242004235576;
B88FT78N0;NEFF;CUISSON;Four vapeur;3029;2.14;CTM;P;;1553.84;9;0;0;1413.99;1556.06;4242004214045;
B46FT64N0;NEFF;CUISSON;Four vapeur;2059;2.24;;P;;1011.29;9;0;0;920.27;999.78;4242004181491;
D96IKU1S0;NEFF;CUISSON;Hotte;1659;2.14;CTM;P;;851.28;9;0;0;774.66;867.62;4242004210313;
D55MH56N0;NEFF;CUISSON;Hotte;479;2.23;;P;R;235.64;9;0;0;214.43;232.96;4242004186847;
D55ML66N0;NEFF;CUISSON;Hotte;669;2.14;CTM;P;;343.58;9;0;0;312.66;343.6;4242004186861;
I99C68N1;NEFF;CUISSON;Hotte;1729;2.24;CTM;P;;849.28;9;0;0;772.84;839.62;4242004187912;
D95IPP1N0;NEFF;CUISSON;Hotte;929;2.24;;P;;456.55;9;0;0;415.46;451.35;4242004210276;
D49ED52X0;NEFF;CUISSON;Hotte;669;2.24;;P;R;328.91;9;0;0;299.31;325.17;4242004197577;
D46PU65X3;NEFF;CUISSON;Hotte;1179;2.14;CTM;P;;605.12;9;0;0;550.66;616.1;4242004213765;
D95QFM4N0;NEFF;CUISSON;Hotte;609;2.23;;P;R;299.46;9;0;0;272.51;296.05;4242004223061;
I92CM67N0;NEFF;CUISSON;Hotte;2259;2.24;CTM;P;;1109.47;9;0;0;1009.62;1096.85;4242004187462;
D95IKP1S0;NEFF;CUISSON;Hotte;1029;2.24;;P;;505.64;9;0;0;460.13;499.89;4242004210238;
D46ED52X0;NEFF;CUISSON;Hotte;569;2.23;;P;R;279.82;9;0;0;254.64;276.63;4242004197300;
D46BR12X0;NEFF;CUISSON;Hotte;309;2.14;CTM;P;;158.97;9;0;0;144.66;161.93;4242004195955;
I91VT44N0;NEFF;CUISSON;Hotte;2059;2.24;;P;;1011.29;9;0;0;920.27;999.78;4242004210511;
D95BHM4N0;NEFF;CUISSON;Hotte;609;2.23;;P;R;299.46;9;0;0;272.51;296.05;4242004223054;
D95IHM1S0;NEFF;CUISSON;Hotte;829;2.24;;P;;407.46;9;0;0;370.79;402.82;4242004210214;
D46ED22X0;NEFF;CUISSON;Hotte;409;2.23;;P;R;201.27;9;0;0;183.16;198.98;4242004195993;
D35KHM2S0;NEFF;CUISSON;Hotte;1069;2.24;CTM;P;;525.28;9;0;0;478;519.3;4242004209973;
I90CN48W0;NEFF;CUISSON;Hotte;3129;2.24;;P;;1536.57;9;0;0;1398.28;1519.09;4242004201601;
D85IBE1S0;NEFF;CUISSON;Hotte;829;2.24;;P;R;407.46;9;0;0;370.79;402.82;4242004230601;
D95FRW1S0;NEFF;CUISSON;Hotte;1729;2.24;;P;;849.28;9;0;0;772.84;839.62;4242004210191;
D46BR22X0;NEFF;CUISSON;Hotte;309;2.23;;P;R;152.18;9;0;0;138.48;150.45;4242004195979;
I90CL46N0;NEFF;CUISSON;Hotte;2049;2.24;;P;;1006.38;9;0;0;915.81;994.93;4242004201717;
D64BBC0N0;NEFF;CUISSON;Hotte;369;2.23;;P;R;181.63;9;0;0;165.28;179.57;4242004223016;
D95FRM1S0;NEFF;CUISSON;Hotte;1329;2.24;;P;;652.92;9;0;0;594.16;645.49;4242004210160;
I79SL64N0;NEFF;CUISSON;Hotte;1189;2.14;CTM;P;;610.25;9;0;0;555.33;621.97;4242004174615;
D58ML66N1;NEFF;CUISSON;Hotte;689;2.24;;P;R;338.73;9;0;0;308.24;334.88;4242004238300;
D79SL62N0;NEFF;CUISSON;Hotte;829;2.14;CTM;P;;425.64;9;0;0;387.33;433.81;4242004174516;
I72MT64N1;NEFF;CUISSON;Hotte;1899;2.2;CTM;P;;948;9;0;0;862.68;947.86;4242004183891;
D5855X1;NEFF;CUISSON;Hotte;409;2.23;;P;R;201.27;9;0;0;183.16;198.98;4242004237143;
D79MT64N1;NEFF;CUISSON;Hotte;1139;2.16;CTM;P;;580.65;9;0;0;528.39;580.56;4242004183822;
D95BEM4N0;NEFF;CUISSON;Hotte;569;2.23;$0;P;L;279.82;9;0;0;254.64;276.63;4242004222446;
I38KHV2S0;NEFF;CUISSON;Hotte;1329;2.24;;P;;652.92;9;0;0;594.16;645.49;4242004210399;
D57ML66N1;NEFF;CUISSON;Hotte;669;2.24;;P;R;328.91;9;0;0;299.31;325.17;4242004238294;
D58ML66N0;NEFF;CUISSON;Hotte;799;2.14;CTM;P;;410.25;9;0;0;373.33;418.13;4242004186960;
D94BBC0N0;NEFF;CUISSON;Hotte;409;2.23;$0;P;L;201.27;9;0;0;183.16;198.98;4242004224167;
D96IMW1N0;NEFF;CUISSON;Hotte;1589;2.24;;P;;780.55;9;0;0;710.3;771.68;4242004210351;
D5655X1;NEFF;CUISSON;Hotte;269;2.23;;P;R;132.54;9;0;0;120.61;131.04;4242004237129;
D5855X0;NEFF;CUISSON;Hotte;479;2.22;CTM;P;;237;9;0;0;215.67;236.96;4242004073147;
D96IMS1N0;NEFF;CUISSON;Hotte;1259;2.24;;P;;618.55;9;0;0;562.88;611.52;4242004210337;
D55ML66N1;NEFF;CUISSON;Hotte;579;2.23;;P;R;284.73;9;0;0;259.1;281.49;4242004238287;
D57ML66N0;NEFF;CUISSON;Hotte;779;2.28;CTM;P;;375.25;9;0;0;341.48;375.2;4242004186946;
I99CM67N0;NEFF;CUISSON;Hotte;2129;2.24;CTM;P;;1045.65;9;0;0;951.54;1033.75;4242004187448;
C17KS61H0;NEFF;CUISSON;Machine à café encastrable;2729;2.24;;P;R;1340.2;9;0;0;1219.58;1324.96;4242004234470;
HLAWD53N0;NEFF;CUISSON;Micro ondes intégrable;509;2.23;;P;R;250.36;9;0;0;227.83;247.51;4242004222781;
HLAWD23N0;NEFF;CUISSON;Micro ondes intégrable;509;2.23;;P;R;250.36;9;0;0;227.83;247.51;4242004222767;
C17WR00N0;NEFF;CUISSON;Micro ondes intégrable;799;2.24;;P;R;392.73;9;0;0;357.38;388.26;4242004184546;
C17UR02N0;NEFF;CUISSON;Micro ondes intégrable;1049;2.24;;P;R;515.46;9;0;0;469.07;509.6;4242004207016;
C1AMG83N0;NEFF;CUISSON;Micro-ondes combi intégrable;969;2.24;;P;R;476.19;9;0;0;433.33;470.77;4242004222729;
C17MS32H0;NEFF;CUISSON;Micro-ondes combi intégrable;1409;2.24;;P;R;692.19;9;0;0;629.89;684.31;4242004235118;
C15MR02N0;NEFF;CUISSON;Micro-ondes combi intégrable;1299;2.14;CTM;P;;666.66;9;0;0;606.66;679.46;4242004182085;
HLAGD53N0;NEFF;CUISSON;Micro-ondes gril intégrable;569;2.23;;P;R;279.82;9;0;0;254.64;276.63;4242004222804;
T29DA69N0;NEFF;CUISSON;Plaque gaz;949;2.24;;P;;466.37;9;0;0;424.4;461.07;4242004203575;
T26CS49S0;NEFF;CUISSON;Plaque gaz;489;2.23;;P;R;240.54;9;0;0;218.89;237.81;4242004203322;
T27DS59N0;NEFF;CUISSON;Plaque gaz;609;2.23;;P;;299.46;9;0;0;272.51;296.05;4242004203506;
T26BR46S0;NEFF;CUISSON;Plaque gaz;259;2.23;;P;R;127.63;9;0;0;116.14;126.18;4242004187813;
T27DA69N0;NEFF;CUISSON;Plaque gaz;709;2.24;;P;;348.55;9;0;0;317.18;344.58;4242004183181;
T26BR46N0;NEFF;CUISSON;Plaque gaz;269;2.23;;P;R;132.54;9;0;0;120.61;131.04;4242004187271;
T26DS49W0;NEFF;CUISSON;Plaque gaz;469;2.14;CTM;P;;241.02;9;0;0;219.33;245.65;4242004203421;
N23TA29N0;NEFF;CUISSON;Plaque gaz;599;2.23;;P;R;294.55;9;0;0;268.04;291.2;4242004203292;
T26BR56N0;NEFF;CUISSON;Plaque gaz;359;2.59;CTM;P;;152.18;9;0;0;138.48;150.45;4242004187837;
T26BB56N0;NEFF;CUISSON;Plaque gaz;429;2.6;CTM;P;;181.63;9;0;0;165.28;179.57;4242004212119;
T26BB46W0;NEFF;CUISSON;Plaque gaz;389;2.25;CTM;P;;189.6;9;0;0;172.54;189.57;4242004212102;
T27CS59S0;NEFF;CUISSON;Plaque gaz;819;2.24;$0;P;L;402.55;9;0;0;366.32;397.97;4242004203476;
T26BB46S0;NEFF;CUISSON;Plaque gaz;389;2.25;CTM;P;;189.6;9;0;0;172.54;189.57;4242004212096;
T26DS49S0;NEFF;CUISSON;Plaque gaz;389;2.23;;P;R;191.45;9;0;0;174.22;189.28;4242004203414;
T26BB46N0;NEFF;CUISSON;Plaque gaz;379;2.2;CTM;P;;189.6;9;0;0;172.54;189.57;4242004212089;
T26DS49N0;NEFF;CUISSON;Plaque gaz;399;2.23;;P;R;196.36;9;0;0;178.69;194.13;4242004203384;
T29TA79N0;NEFF;CUISSON;Plaque gaz;1439;2.24;;P;;706.92;9;0;0;643.3;698.88;4242004203636;
T26DS19N0;NEFF;CUISSON;Plaque gaz;419;2.23;;P;R;206.18;9;0;0;187.62;203.84;4242004203353;
T26CS12S0;NEFF;CUISSON;Plaque gaz;489;2.23;;P;O;240.54;9;0;0;218.89;237.81;4242004203315;
T58TS6BN0;NEFF;CUISSON;Plaque induction;3649;2.24;;P;;1791.85;9;0;0;1630.58;1771.46;4242004214779;
T68PS61X0;NEFF;CUISSON;Plaque induction;1539;2.24;;P;R;756.01;9;0;0;687.97;747.41;4242004195122;
T57TT60N0;NEFF;CUISSON;Plaque induction;1179;2.24;;P;;579.28;9;0;0;527.14;572.69;4242004191926;
T59PS51X0;NEFF;CUISSON;Plaque induction;1739;2.24;;P;R;854.19;9;0;0;777.31;844.48;4242004195856;
T56TS51N0;NEFF;CUISSON;Plaque induction;1029;2.24;;P;;505.64;9;0;0;460.13;499.89;4242004191742;
T58UD10X0;NEFF;CUISSON;Plaque induction;1089;2.24;;P;R;535.1;9;0;0;486.94;529.01;4242004189350;
T56UD50X0;NEFF;CUISSON;Plaque induction;799;2.24;;P;L;392.73;9;0;0;357.38;388.26;4242004195733;
T56FT30X0;NEFF;CUISSON;Plaque induction;919;2.24;;P;;451.64;9;0;0;410.99;446.5;4242004190844;
T58TS11N0;NEFF;CUISSON;Plaque induction;1289;2.24;;P;R;633.28;9;0;0;576.28;626.07;4242004192077;
T46UB20X0;NEFF;CUISSON;Plaque induction;629;2.23;;P;L;309.27;9;0;0;281.44;305.76;4242004211624;
T50PS31X0;NEFF;CUISSON;Plaque induction;1719;2.14;CTM;P;;882.05;9;0;0;802.67;898.99;4242004192961;
T56UD30X0;NEFF;CUISSON;Plaque induction;789;2.24;;P;R;387.82;9;0;0;352.92;383.41;4242004191520;
T46FD23X0;NEFF;CUISSON;Plaque induction;669;2.24;;P;L;328.91;9;0;0;299.31;325.17;4242004188902;
T48FD13X0;NEFF;CUISSON;Plaque induction;1059;2.7;;P;;431.17;9;0;0;392.36;426.26;4242004191407;
T56TS61N0;NEFF;CUISSON;Plaque induction;1139;2.24;;P;R;559.64;9;0;0;509.27;553.27;4242004189336;
T36FB10X0;NEFF;CUISSON;Plaque induction;519;2.23;;P;L;255.27;9;0;0;232.3;252.37;4242004195436;
T46UT20X0;NEFF;CUISSON;Plaque induction;959;2.14;CTM;P;;492.3;9;0;0;447.99;501.75;4242004191629;
T56FT60X0;NEFF;CUISSON;Plaque induction;1019;2.24;;P;R;500.73;9;0;0;455.66;495.04;4242004195702;
T68TS61N0;NEFF;CUISSON;Plaque induction;1529;2.24;;P;;751.1;9;0;0;683.5;742.56;4242004190882;
T46FD53X0;NEFF;CUISSON;Plaque induction;779;2.6;CTM;P;;328.91;9;0;0;299.31;325.17;4242004191285;
T36FB20X0;NEFF;CUISSON;Plaque induction;559;2.23;;P;R;274.91;9;0;0;250.17;271.78;4242004195443;
T66TS61N0;NEFF;CUISSON;Plaque induction;1329;2.24;;P;;652.92;9;0;0;594.16;645.49;4242004191704;
T36FD43X0;NEFF;CUISSON;Plaque induction;699;2.14;CTM;P;;358.97;9;0;0;326.66;365.86;4242004195504;
T66PS61X0;NEFF;CUISSON;Plaque induction;1329;2.24;;P;;652.92;9;0;0;594.16;645.49;4242004189381;
T36FB40X0;NEFF;CUISSON;Plaque induction;649;2.59;CTM;P;;274.91;9;0;0;250.17;271.78;4242004195450;
T59FT50X0;NEFF;CUISSON;Plaque induction;1999;2.14;CTM;P;;1025.64;9;0;0;933.33;1045.33;4242004189367;
T16FK40X0;NEFF;CUISSON;Plaque vitrocéramique;429;2.6;CTM;P;;181.63;9;0;0;165.28;179.57;4242004206750;
T11B22X2;NEFF;CUISSON;Plaque vitrocéramique;409;2.23;;P;R;201.27;9;0;0;183.16;198.98;4242004162421;
GI7813E30;NEFF;FROID;Congélateur armoire intégrable;1049;2.24;;P;R;515.46;9;0;0;469.07;509.6;4242004199557;
KI1312F30;NEFF;FROID;Réfrigérateur 1pte intégrable;659;2.24;;P;;324;9;0;0;294.84;320.31;4242004184232;
K1664X6;NEFF;FROID;Réfrigérateur 1pte intégrable;849;2.24;;P;;417.28;9;0;0;379.72;412.53;4242004099376;
K1554X8;NEFF;FROID;Réfrigérateur 1pte intégrable;719;2.24;;P;;353.46;9;0;0;321.65;349.43;4242004160441;
K1544X8;NEFF;FROID;Réfrigérateur 1pte intégrable;689;2.24;;P;;338.73;9;0;0;308.24;334.88;4242004160458;
KI2823F30;NEFF;FROID;Réfrigérateur 1pte intégrable;1149;2.24;;P;R;564.55;9;0;0;513.74;558.13;4242004165811;
K1544X0FF;NEFF;FROID;Réfrigérateur 1pte intégrable;629;2.23;;P;;309.27;9;0;0;281.44;305.76;4242004129622;
KI2822S30;NEFF;FROID;Réfrigérateur 1pte intégrable;1049;2.24;;P;R;515.46;9;0;0;469.07;509.6;4242004197966;
KI1813F30;NEFF;FROID;Réfrigérateur 1pte intégrable;1129;2.24;;P;R;554.73;9;0;0;504.8;548.42;4242004160106;
KI1812S30;NEFF;FROID;Réfrigérateur 1pte intégrable;1019;2.24;;P;R;500.73;9;0;0;455.66;495.04;4242004197027;
KI2423F30;NEFF;FROID;Réfrigérateur 1pte intégrable;849;2.24;;P;;417.28;9;0;0;379.72;412.53;4242004165644;
K1554X0FF;NEFF;FROID;Réfrigérateur 1pte intégrable;659;2.24;;P;R;324;9;0;0;294.84;320.31;4242004129479;
KI2323F30;NEFF;FROID;Réfrigérateur 1pte intégrable;789;2.24;;P;;387.82;9;0;0;352.92;383.41;4242004166047;
KI1413F30;NEFF;FROID;Réfrigérateur 1pte intégrable;819;2.24;;P;;402.55;9;0;0;366.32;397.97;4242004165965;
KI1313F30;NEFF;FROID;Réfrigérateur 1pte intégrable;769;2.24;;P;;378;9;0;0;343.98;373.7;4242004166016;
KI7862S30;NEFF;FROID;Réfrigérateur combi intégrable;1049;2.24;;P;;515.46;9;0;0;469.07;509.6;4242004189015;
KI5862S30;NEFF;FROID;Réfrigérateur combi intégrable;939;2.24;;P;R;461.46;9;0;0;419.93;456.21;4242004189220;
KI5862U30;NEFF;FROID;Réfrigérateur combi intégrable;969;2.24;;P;;476.19;9;0;0;433.33;470.77;4242004192220;
K4400X7FF;NEFF;FROID;Réfrigérateur combi intégrable;1049;2.63;;P;;438.4;9;0;0;398.94;433.41;4242004118091;
K1524X7FF;NEFF;FROID;Réfrigérateur combi intégrable;659;2.24;;P;;324;9;0;0;294.84;320.31;4242004124559;
K1514X7FF;NEFF;FROID;Réfrigérateur combi intégrable;629;2.23;;P;;309.27;9;0;0;281.44;305.76;4242004124566;
V6540X1EU;NEFF;LAVAGE;Lavante séchante intégrable;1399;2.24;;P;;687.28;9;0;0;625.42;679.46;4242004196525;
S513K60X1E;NEFF;LAVAGE;Lave vaisselle 60cm intégrable;719;2.24;;P;R;353.46;9;0;0;321.65;349.43;4242004220015;
S413I60B3E;NEFF;LAVAGE;Lave vaisselle 60cm intégrable;829;2.24;;P;;407.46;9;0;0;370.79;402.82;4242004215981;
S513K60X0E;NEFF;LAVAGE;Lave vaisselle 60cm intégrable;689;2.24;;P;R;338.73;9;0;0;308.24;334.88;4242004216117;
S515M80X0E;NEFF;LAVAGE;Lave vaisselle 60cm intégrable;839;2.24;;P;L;412.37;9;0;0;375.26;407.68;4242004221418;
S513A60X0E;NEFF;LAVAGE;Lave vaisselle 60cm intégrable;599;2.23;;P;R;294.55;9;0;0;268.04;291.2;4242004219132;
S723P60X0E;NEFF;LAVAGE;Lave vaisselle 60cm intégrable;1079;2.14;CTM;P;;553.84;9;0;0;503.99;564.47;4242004219187;
S717P80D0E;NEFF;LAVAGE;Lave vaisselle 60cm intégrable;1419;2.14;CTM;P;;728.2;9;0;0;662.66;742.18;4242004216087;
S716T80X1E;NEFF;LAVAGE;Lave vaisselle 60cm intégrable;1349;2.14;CTM;P;;692.3;9;0;0;629.99;705.59;4242004213581;
S713P60X0E;NEFF;LAVAGE;Lave vaisselle 60cm intégrable;1029;2.14;CTM;P;;528.2;9;0;0;480.66;538.34;4242004219170;
S523K60X0E;NEFF;LAVAGE;Lave vaisselle 60cm intégrable;739;2.24;;P;;363.27;9;0;0;330.58;359.15;4242004216100;
S516I80X1E;NEFF;LAVAGE;Lave vaisselle 60cm intégrable;929;2.24;;P;;456.55;9;0;0;415.46;451.35;4242004219637;
S513M60X3E;NEFF;LAVAGE;Lave vaisselle 60cm intégrable;819;2.24;;P;;402.55;9;0;0;366.32;397.97;4242004213246;
S415M80S1E;NEFF;LAVAGE;Lave vaisselle 60cm intégrable;969;2.24;;P;;476.19;9;0;0;433.33;470.77;4242004213536;
S715T60D2E;NEFF;LAVAGE;Lave vaisselle 60cm intégrable;979;2.24;;P;R;481.09;9;0;0;437.79;475.62;4242004237600;
S413I60S3E;NEFF;LAVAGE;Lave vaisselle 60cm intégrable;879;2.24;;P;;432;9;0;0;393.12;427.09;4242004215011;
